weather_date,temp_max,temp_avg,temp_min,weather_code,precipitation
2013-01-01,39.7,36.8,32.2,3,0.0
2013-01-02,33.2,28.4,24.4,3,0.0
2013-01-03,33.9,27.8,23.0,3,0.0
2013-01-04,37.5,32.0,27.7,3,0.0
2013-01-05,40.8,33.4,28.8,3,0.0
2013-01-06,47.1,36.8,29.2,73,0.02
2013-01-07,46.1,37.1,30.8,3,0.0
2013-01-08,47.3,36.1,28.9,3,0.0
2013-01-09,50.5,40.9,32.0,51,0.008
2013-01-10,49.1,41.6,35.7,3,0.0
2013-01-11,47.1,39.7,31.5,55,0.323
2013-01-12,52.1,45.4,38.9,51,0.008
2013-01-13,50.1,45.8,42.0,51,0.004
2013-01-14,58.8,53.7,46.3,53,0.055
2013-01-15,43.7,39.3,37.4,61,0.283
2013-01-16,38.4,36.4,33.9,63,0.587
2013-01-17,44.1,39.5,35.7,71,0.028
2013-01-18,35.0,32.5,27.7,71,0.024
2013-01-19,47.9,37.2,28.5,0,0.0
2013-01-20,53.9,42.8,32.8,1,0.0
2013-01-21,36.7,31.2,27.7,73,0.039
2013-01-22,29.1,21.7,18.0,2,0.0
2013-01-23,22.7,17.7,13.3,3,0.0
2013-01-24,26.0,20.5,15.8,3,0.0
2013-01-25,25.5,20.1,15.7,73,0.075
2013-01-26,30.3,23.2,17.8,2,0.0
2013-01-27,35.7,25.5,18.3,3,0.0
2013-01-28,37.7,31.2,24.5,73,0.193
2013-01-29,50.7,43.2,38.0,3,0.0
2013-01-30,64.2,53.9,41.9,51,0.012
2013-01-31,60.2,45.3,31.5,63,0.689
2013-02-01,31.4,29.1,25.4,71,0.0
2013-02-02,29.5,24.5,18.8,71,0.016
2013-02-03,33.2,27.9,23.9,71,0.008
2013-02-04,32.5,27.3,22.8,71,0.004
2013-02-05,36.4,31.6,28.5,71,0.028
2013-02-06,39.9,32.6,27.2,3,0.0
2013-02-07,36.6,30.3,25.9,3,0.0
2013-02-08,41.6,35.9,30.6,73,0.709
2013-02-09,33.4,29.6,23.5,73,0.142
2013-02-10,39.3,27.8,17.8,3,0.0
2013-02-11,50.1,42.5,30.6,63,0.374
2013-02-12,47.5,40.5,33.1,3,0.0
2013-02-13,47.3,36.9,28.5,73,0.126
2013-02-14,47.4,37.3,28.1,73,0.071
2013-02-15,55.6,41.8,32.4,3,0.0
2013-02-16,39.7,35.7,32.2,73,0.098
2013-02-17,31.9,29.1,23.0,3,0.0
2013-02-18,36.7,27.0,20.2,3,0.0
2013-02-19,44.4,37.4,29.1,61,0.228
2013-02-20,35.4,31.7,27.6,3,0.0
2013-02-21,36.6,29.1,24.0,0,0.0
2013-02-22,37.8,31.6,26.0,71,0.0
2013-02-23,44.9,39.4,33.6,53,0.122
2013-02-24,49.9,40.2,32.7,3,0.0
2013-02-25,45.6,37.0,29.5,3,0.0
2013-02-26,45.7,37.5,28.5,53,0.094
2013-02-27,50.5,45.6,41.4,63,0.402
2013-02-28,45.9,41.0,35.8,51,0.012
2013-03-01,45.6,38.7,32.3,3,0.0
2013-03-02,38.8,34.5,30.2,3,0.0
2013-03-03,39.7,33.4,28.6,3,0.0
2013-03-04,41.2,33.4,27.8,1,0.0
2013-03-05,46.8,36.9,29.5,3,0.0
2013-03-06,40.0,36.9,34.2,73,0.386
2013-03-07,47.6,39.0,33.7,73,0.035
2013-03-08,44.3,37.6,32.1,73,0.098
2013-03-09,58.4,43.3,32.0,1,0.0
2013-03-10,56.1,42.4,30.4,3,0.0
2013-03-11,59.3,46.2,34.8,3,0.0
2013-03-12,55.2,52.0,44.7,63,0.854
2013-03-13,49.2,42.4,35.3,51,0.016
2013-03-14,43.2,36.2,30.6,3,0.0
2013-03-15,50.9,38.7,28.8,71,0.0
2013-03-16,42.0,37.5,34.7,73,0.094
2013-03-17,42.9,36.1,28.1,3,0.0
2013-03-18,39.2,34.2,30.2,75,0.39
2013-03-19,50.1,41.2,36.6,61,0.169
2013-03-20,47.3,38.2,30.9,3,0.0
2013-03-21,40.0,34.0,30.0,71,0.004
2013-03-22,42.1,34.6,28.6,71,0.0
2013-03-23,46.5,37.1,29.2,3,0.0
2013-03-24,46.8,37.5,27.9,3,0.0
2013-03-25,37.7,35.7,34.1,75,0.406
2013-03-26,50.5,40.0,29.2,51,0.008
2013-03-27,50.3,41.2,32.6,3,0.0
2013-03-28,50.6,41.5,33.4,51,0.004
2013-03-29,52.2,42.5,32.1,3,0.0
2013-03-30,56.0,44.4,31.8,3,0.0
2013-03-31,56.4,45.2,34.6,61,0.185
2013-04-01,60.0,48.8,40.0,51,0.012
2013-04-02,44.3,38.3,31.5,3,0.0
2013-04-03,46.3,38.2,29.8,3,0.0
2013-04-04,51.3,39.0,27.7,3,0.0
2013-04-05,62.3,47.3,36.6,3,0.0
2013-04-06,52.2,43.0,34.1,1,0.0
2013-04-07,61.0,48.6,37.0,3,0.0
2013-04-08,74.7,60.4,47.4,3,0.0
2013-04-09,81.2,68.4,57.4,3,0.0
2013-04-10,85.5,72.5,62.3,53,0.028
2013-04-11,70.5,62.0,51.0,51,0.004
2013-04-12,62.6,48.7,45.9,63,0.713
2013-04-13,60.9,51.1,41.3,51,0.008
2013-04-14,60.3,51.3,40.6,3,0.0
2013-04-15,60.8,51.9,45.8,3,0.0
2013-04-16,70.5,59.0,47.8,3,0.0
2013-04-17,69.5,61.9,56.9,53,0.043
2013-04-18,66.7,58.9,53.2,3,0.0
2013-04-19,77.1,66.4,57.7,63,0.327
2013-04-20,57.2,52.5,47.8,63,0.48
2013-04-21,53.7,45.7,37.1,3,0.0
2013-04-22,51.9,45.0,37.0,3,0.0
2013-04-23,51.0,46.7,41.6,51,0.004
2013-04-24,70.2,55.9,39.2,3,0.0
2013-04-25,63.4,54.0,44.2,51,0.008
2013-04-26,63.3,53.3,44.3,0,0.0
2013-04-27,67.3,54.9,41.5,0,0.0
2013-04-28,69.0,57.0,46.1,3,0.0
2013-04-29,58.8,55.3,52.3,51,0.079
2013-04-30,64.8,56.8,50.5,3,0.0
2013-05-01,67.3,54.9,42.9,0,0.0
2013-05-02,69.9,56.5,43.7,0,0.0
2013-05-03,63.0,54.6,48.7,3,0.0
2013-05-04,67.2,55.4,45.4,2,0.0
2013-05-05,63.0,51.2,43.9,3,0.0
2013-05-06,64.3,53.6,43.5,3,0.0
2013-05-07,70.7,59.9,50.4,51,0.024
2013-05-08,72.1,62.9,57.6,61,0.492
2013-05-09,71.5,62.5,54.4,53,0.094
2013-05-10,81.4,68.1,54.5,3,0.0
2013-05-11,75.4,68.0,62.7,63,0.5
2013-05-12,65.6,60.5,52.4,3,0.0
2013-05-13,55.4,50.6,44.6,3,0.0
2013-05-14,60.2,50.5,39.1,3,0.0
2013-05-15,72.9,62.0,50.0,51,0.024
2013-05-16,81.3,70.2,57.3,3,0.0
2013-05-17,75.7,65.9,55.5,3,0.0
2013-05-18,73.7,63.5,57.6,51,0.008
2013-05-19,65.4,62.4,58.9,51,0.024
2013-05-20,79.1,69.1,60.0,51,0.024
2013-05-21,84.3,73.8,64.5,3,0.0
2013-05-22,87.0,76.0,67.9,3,0.0
2013-05-23,76.4,72.0,68.4,63,0.764
2013-05-24,67.4,57.6,45.9,63,0.398
2013-05-25,62.8,53.2,44.7,53,0.102
2013-05-26,68.0,57.8,48.8,0,0.0
2013-05-27,73.5,60.8,45.8,3,0.0
2013-05-28,66.3,61.6,54.7,61,0.311
2013-05-29,86.4,73.7,60.6,51,0.008
2013-05-30,91.5,79.7,67.3,1,0.0
2013-05-31,90.6,79.7,68.0,3,0.0
2013-06-01,89.6,79.8,69.4,2,0.0
2013-06-02,88.5,79.7,73.9,53,0.051
2013-06-03,78.6,73.0,69.0,63,0.661
2013-06-04,75.3,67.4,59.0,3,0.0
2013-06-05,77.1,66.6,53.8,3,0.0
2013-06-06,74.2,65.6,56.4,61,0.248
2013-06-07,67.4,64.4,61.8,65,2.732
2013-06-08,74.3,67.2,59.9,61,0.22
2013-06-09,81.2,71.2,59.5,3,0.0
2013-06-10,73.1,69.0,65.9,63,1.083
2013-06-11,80.7,74.1,68.3,53,0.063
2013-06-12,80.5,73.2,66.8,3,0.0
2013-06-13,81.6,71.1,65.0,63,0.571
2013-06-14,74.0,64.0,56.6,53,0.138
2013-06-15,78.7,69.7,59.3,3,0.0
2013-06-16,83.1,72.1,60.2,51,0.004
2013-06-17,85.2,75.2,66.2,51,0.047
2013-06-18,79.3,71.7,67.0,63,0.61
2013-06-19,76.4,69.0,61.2,3,0.0
2013-06-20,77.5,68.6,58.4,3,0.0
2013-06-21,80.8,70.0,58.9,3,0.0
2013-06-22,84.3,72.1,59.1,3,0.0
2013-06-23,83.4,74.5,65.4,61,0.118
2013-06-24,91.5,79.9,70.5,61,0.075
2013-06-25,91.2,80.2,69.6,53,0.028
2013-06-26,89.7,79.7,72.7,63,0.717
2013-06-27,86.2,76.8,69.9,63,0.445
2013-06-28,86.1,77.6,72.4,61,0.181
2013-06-29,84.3,76.7,69.8,51,0.016
2013-06-30,82.5,76.0,71.3,61,0.126
2013-07-01,79.8,75.0,71.9,53,0.386
2013-07-02,81.6,75.9,73.0,63,0.378
2013-07-03,83.7,77.5,71.8,53,0.114
2013-07-04,87.2,80.2,73.7,2,0.0
2013-07-05,88.6,81.0,73.9,2,0.0
2013-07-06,92.1,83.1,75.4,2,0.0
2013-07-07,91.5,83.1,74.9,51,0.008
2013-07-08,86.1,79.0,72.7,51,0.012
2013-07-09,87.6,79.7,72.0,51,0.02
2013-07-10,85.5,79.7,74.2,63,0.224
2013-07-11,82.8,78.3,74.4,53,0.138
2013-07-12,79.2,72.9,69.1,63,1.146
2013-07-13,84.8,76.9,70.1,61,0.224
2013-07-14,88.5,80.3,72.0,3,0.0
2013-07-15,93.0,83.2,73.6,1,0.0
2013-07-16,91.8,83.8,75.2,2,0.0
2013-07-17,93.2,84.2,73.1,1,0.0
2013-07-18,95.3,85.2,76.5,53,0.035
2013-07-19,95.5,85.9,79.0,63,0.165
2013-07-20,91.2,83.4,76.8,63,0.228
2013-07-21,87.1,79.3,74.6,63,0.48
2013-07-22,84.1,77.5,73.1,61,0.138
2013-07-23,85.2,78.7,73.8,63,0.504
2013-07-24,81.9,76.3,71.1,51,0.004
2013-07-25,72.4,68.5,64.2,3,0.0
2013-07-26,82.2,72.7,63.3,1,0.0
2013-07-27,83.7,74.6,65.1,3,0.0
2013-07-28,81.6,73.6,69.3,63,0.575
2013-07-29,82.5,73.9,67.6,63,0.102
2013-07-30,80.2,71.6,62.9,3,0.0
2013-07-31,81.3,72.8,63.1,3,0.0
2013-08-01,74.2,70.4,68.7,55,0.287
2013-08-02,83.6,73.9,64.4,3,0.0
2013-08-03,74.4,70.9,68.1,55,0.205
2013-08-04,78.0,71.1,64.0,1,0.0
2013-08-05,78.0,69.1,59.4,3,0.0
2013-08-06,79.6,69.0,62.1,61,0.114
2013-08-07,74.9,70.4,65.8,53,0.075
2013-08-08,83.9,76.2,70.5,63,0.236
2013-08-09,83.4,77.3,73.1,63,0.909
2013-08-10,83.2,76.7,71.9,3,0.0
2013-08-11,82.3,74.0,64.6,3,0.0
2013-08-12,82.5,75.6,69.7,3,0.0
2013-08-13,80.7,74.8,71.1,63,0.807
2013-08-14,74.4,68.7,62.4,3,0.0
2013-08-15,76.2,66.5,55.8,2,0.0
2013-08-16,78.0,68.8,58.2,3,0.0
2013-08-17,79.9,69.9,58.0,3,0.0
2013-08-18,74.0,67.8,64.5,61,0.157
2013-08-19,78.3,70.1,62.0,3,0.0
2013-08-20,84.7,74.5,63.2,3,0.0
2013-08-21,87.0,76.7,65.5,3,0.0
2013-08-22,82.8,76.8,72.0,61,0.217
2013-08-23,79.1,74.2,68.4,3,0.0
2013-08-24,79.6,70.5,63.1,0,0.0
2013-08-25,80.4,69.7,58.5,3,0.0
2013-08-26,85.1,73.8,63.7,3,0.0
2013-08-27,87.7,78.4,70.5,53,0.028
2013-08-28,85.0,75.6,70.3,63,0.28
2013-08-29,81.1,74.8,70.6,51,0.016
2013-08-30,84.5,75.2,67.5,51,0.008
2013-08-31,86.9,78.5,71.3,51,0.004
2013-09-01,88.8,79.6,73.2,61,0.059
2013-09-02,83.4,78.3,72.7,55,0.079
2013-09-03,84.4,76.6,70.5,51,0.008
2013-09-04,82.5,72.4,62.8,0,0.0
2013-09-05,80.1,71.4,63.8,3,0.0
2013-09-06,72.3,64.1,55.5,0,0.0
2013-09-07,78.9,67.0,56.3,3,0.0
2013-09-08,83.2,72.5,64.7,3,0.0
2013-09-09,77.0,67.0,56.1,3,0.0
2013-09-10,87.7,76.9,66.6,3,0.0
2013-09-11,93.0,82.3,72.6,3,0.0
2013-09-12,88.8,80.3,73.4,63,0.362
2013-09-13,75.8,71.0,62.6,55,0.063
2013-09-14,65.9,61.5,57.5,3,0.0
2013-09-15,73.0,62.0,50.1,3,0.0
2013-09-16,70.3,63.5,60.6,53,0.067
2013-09-17,65.1,57.7,50.1,0,0.0
2013-09-18,69.6,58.8,46.9,0,0.0
2013-09-19,74.9,62.5,51.4,0,0.0
2013-09-20,77.8,65.5,54.6,0,0.0
2013-09-21,78.2,67.2,56.1,61,0.248
2013-09-22,69.8,64.6,59.5,65,0.969
2013-09-23,65.6,57.9,50.9,0,0.0
2013-09-24,71.3,58.0,46.4,0,0.0
2013-09-25,71.9,60.4,48.9,3,0.0
2013-09-26,71.3,61.8,51.4,3,0.0
2013-09-27,69.8,63.0,55.7,3,0.0
2013-09-28,71.2,62.9,55.5,3,0.0
2013-09-29,71.8,61.3,51.8,3,0.0
2013-09-30,72.7,61.8,50.2,3,0.0
2013-10-01,78.1,65.3,53.7,2,0.0
2013-10-02,83.0,70.2,58.4,0,0.0
2013-10-03,80.7,70.8,61.2,3,0.0
2013-10-04,85.3,73.4,63.0,51,0.004
2013-10-05,83.6,73.9,65.8,53,0.02
2013-10-06,84.4,73.5,65.8,51,0.008
2013-10-07,78.6,67.8,58.5,63,0.547
2013-10-08,67.7,60.2,53.3,3,0.0
2013-10-09,62.7,58.2,54.8,3,0.0
2013-10-10,58.7,56.4,53.2,63,0.988
2013-10-11,64.4,60.9,57.3,61,0.575
2013-10-12,69.2,63.5,60.0,53,0.094
2013-10-13,64.7,60.1,56.4,3,0.0
2013-10-14,66.9,58.5,51.6,2,0.0
2013-10-15,70.8,58.5,49.1,3,0.0
2013-10-16,68.9,60.2,51.8,3,0.0
2013-10-17,71.4,64.0,57.6,53,0.028
2013-10-18,64.8,58.9,52.2,61,0.067
2013-10-19,64.8,56.7,48.7,51,0.028
2013-10-20,60.9,53.5,46.5,0,0.0
2013-10-21,65.1,54.0,44.7,3,0.0
2013-10-22,63.6,55.0,48.6,3,0.0
2013-10-23,55.5,49.4,45.5,3,0.0
2013-10-24,51.7,45.4,40.2,51,0.004
2013-10-25,53.6,45.0,38.3,2,0.0
2013-10-26,53.8,45.2,35.2,3,0.0
2013-10-27,56.5,49.3,43.2,3,0.0
2013-10-28,61.3,49.0,38.1,3,0.0
2013-10-29,59.1,49.4,41.8,3,0.0
2013-10-30,59.8,52.3,45.0,3,0.0
2013-10-31,70.3,59.6,50.2,51,0.02
2013-11-01,71.6,65.8,57.8,53,0.122
2013-11-02,66.8,58.3,52.4,51,0.008
2013-11-03,53.1,47.9,39.2,2,0.0
2013-11-04,46.2,39.5,33.4,3,0.0
2013-11-05,57.0,47.3,39.5,3,0.0
2013-11-06,62.5,51.9,43.3,3,0.0
2013-11-07,60.9,54.5,48.2,55,0.118
2013-11-08,49.4,44.7,39.3,3,0.0
2013-11-09,49.7,41.9,33.5,3,0.0
2013-11-10,57.3,48.3,42.0,3,0.0
2013-11-11,53.5,45.9,38.5,2,0.0
2013-11-12,49.3,40.7,33.4,71,0.059
2013-11-13,40.1,33.7,29.0,0,0.0
2013-11-14,51.8,39.3,31.1,2,0.0
2013-11-15,56.0,42.7,33.0,3,0.0
2013-11-16,57.3,47.4,40.5,53,0.043
2013-11-17,64.6,55.2,46.6,53,0.031
2013-11-18,64.9,59.4,51.2,61,0.173
2013-11-19,49.2,44.5,37.9,3,0.0
2013-11-20,44.7,36.8,31.6,3,0.0
2013-11-21,49.6,40.6,31.8,3,0.0
2013-11-22,57.7,50.3,44.9,51,0.071
2013-11-23,52.7,43.6,34.9,3,0.0
2013-11-24,33.1,28.3,25.4,3,0.0
2013-11-25,34.4,28.3,23.7,3,0.0
2013-11-26,43.8,34.8,30.0,71,0.555
2013-11-27,58.8,43.9,32.9,71,1.638
2013-11-28,36.5,31.4,28.7,3,0.0
2013-11-29,39.4,32.5,27.7,3,0.0
2013-11-30,38.2,30.6,24.9,3,0.0
2013-12-01,45.6,36.2,28.8,3,0.0
2013-12-02,47.7,39.8,35.3,3,0.0
2013-12-03,53.1,41.2,33.7,3,0.0
2013-12-04,54.8,43.6,34.6,3,0.0
2013-12-05,59.3,53.5,47.6,3,0.0
2013-12-06,60.3,50.1,39.4,63,0.756
2013-12-07,42.9,37.4,31.8,61,0.256
2013-12-08,32.2,29.6,27.2,75,0.402
2013-12-09,38.4,35.0,30.9,61,0.5
2013-12-10,33.0,30.2,25.6,75,0.272
2013-12-11,32.8,25.4,18.7,0,0.0
2013-12-12,26.0,21.3,16.8,1,0.0
2013-12-13,33.9,25.2,15.7,3,0.0
2013-12-14,40.4,31.1,24.3,75,0.646
2013-12-15,42.9,37.2,28.4,63,0.394
2013-12-16,29.3,25.2,21.2,3,0.0
2013-12-17,37.6,29.3,22.4,73,0.087
2013-12-18,35.4,27.4,23.0,3,0.0
2013-12-19,46.9,33.0,21.4,3,0.0
2013-12-20,53.1,43.5,35.1,3,0.0
2013-12-21,63.4,54.4,46.6,3,0.0
2013-12-22,69.0,64.8,59.9,51,0.004
2013-12-23,63.2,56.7,44.2,63,0.984
2013-12-24,42.9,36.9,29.9,3,0.0
2013-12-25,30.8,26.8,23.6,3,0.0
2013-12-26,38.8,29.6,24.4,3,0.0
2013-12-27,42.6,31.9,26.3,2,0.0
2013-12-28,50.9,37.5,27.8,3,0.0
2013-12-29,45.6,40.0,35.6,63,0.902
2013-12-30,41.4,37.2,28.9,3,0.0
2013-12-31,38.2,30.4,25.1,3,0.0
2014-01-01,39.1,30.5,24.9,3,0.0
2014-01-02,36.2,30.4,24.9,75,0.185
2014-01-03,23.7,13.3,-0.2,75,0.339
2014-01-04,26.6,11.1,-3.9,2,0.0
2014-01-05,48.6,31.3,16.8,51,0.024
2014-01-06,54.9,42.3,21.0,73,0.441
2014-01-07,16.4,9.1,1.7,0,0.0
2014-01-08,24.9,17.2,10.9,3,0.0
2014-01-09,33.8,26.9,21.2,3,0.0
2014-01-10,37.2,32.0,25.4,55,0.138
2014-01-11,57.9,49.9,36.1,63,0.693
2014-01-12,47.5,40.1,31.8,3,0.0
2014-01-13,52.4,39.6,29.3,3,0.0
2014-01-14,47.0,43.8,37.2,61,0.374
2014-01-15,46.5,37.2,27.5,3,0.0
2014-01-16,41.0,35.9,28.6,51,0.012
2014-01-17,42.5,33.5,27.1,3,0.0
2014-01-18,36.8,31.6,26.2,71,0.012
2014-01-19,40.2,30.4,23.4,3,0.0
2014-01-20,48.1,37.6,30.6,3,0.0
2014-01-21,34.0,25.3,15.6,75,0.421
2014-01-22,14.8,7.4,-0.3,71,0.012
2014-01-23,20.8,6.4,-6.9,3,0.0
2014-01-24,18.1,9.6,2.4,2,0.0
2014-01-25,24.6,19.7,11.5,73,0.075
2014-01-26,26.7,18.6,7.3,71,0.008
2014-01-27,41.8,32.2,19.7,3,0.0
2014-01-28,18.4,14.3,9.2,71,0.004
2014-01-29,19.5,13.9,9.0,73,0.055
2014-01-30,27.0,16.9,8.0,3,0.0
2014-01-31,40.9,27.3,15.7,3,0.0
2014-02-01,42.6,33.3,27.1,3,0.0
2014-02-02,54.0,39.0,28.6,3,0.0
2014-02-03,40.2,33.5,28.1,75,1.319
2014-02-04,33.2,23.9,11.0,3,0.0
2014-02-05,38.3,33.0,29.1,73,1.134
2014-02-06,32.3,23.6,17.0,3,0.0
2014-02-07,33.9,22.5,14.5,3,0.0
2014-02-08,27.9,19.6,12.7,71,0.016
2014-02-09,31.2,22.3,12.9,73,0.106
2014-02-10,28.4,21.5,12.1,71,0.0
2014-02-11,24.3,13.1,2.8,2,0.0
2014-02-12,26.0,14.2,1.9,71,0.0
2014-02-13,35.0,31.4,22.7,75,1.587
2014-02-14,41.5,34.6,29.3,75,0.366
2014-02-15,35.2,31.6,28.7,73,0.209
2014-02-16,29.2,22.7,14.9,3,0.0
2014-02-17,30.1,19.2,9.3,3,0.0
2014-02-18,43.7,32.1,20.0,73,0.079
2014-02-19,44.0,35.8,24.6,61,0.157
2014-02-20,46.0,36.6,23.3,3,0.0
2014-02-21,59.0,43.2,30.9,63,0.173
2014-02-22,52.7,37.7,25.5,3,0.0
2014-02-23,48.2,40.2,33.4,53,0.039
2014-02-24,36.6,32.3,27.0,73,0.094
2014-02-25,33.1,26.6,21.6,71,0.031
2014-02-26,30.1,25.3,17.8,73,0.055
2014-02-27,32.4,23.2,13.7,71,0.0
2014-02-28,24.6,15.9,6.0,1,0.0
2014-03-01,37.9,26.8,17.8,3,0.0
2014-03-02,41.2,33.3,24.6,53,0.122
2014-03-03,31.7,20.4,12.6,73,0.335
2014-03-04,29.6,16.0,2.8,3,0.0
2014-03-05,39.2,29.1,22.2,3,0.0
2014-03-06,30.6,24.1,18.2,3,0.0
2014-03-07,40.1,32.1,24.0,3,0.0
2014-03-08,56.7,40.5,26.5,3,0.0
2014-03-09,43.6,37.3,31.1,53,0.055
2014-03-10,52.9,40.0,28.3,3,0.0
2014-03-11,64.5,49.9,39.8,3,0.0
2014-03-12,65.9,50.4,30.6,61,0.13
2014-03-13,30.7,25.6,20.5,3,0.0
2014-03-14,47.4,35.6,24.4,3,0.0
2014-03-15,58.2,49.1,42.1,3,0.0
2014-03-16,42.2,36.3,30.8,71,0.028
2014-03-17,33.0,29.0,25.5,73,0.173
2014-03-18,43.7,33.6,26.0,3,0.0
2014-03-19,46.0,39.1,30.4,63,0.622
2014-03-20,53.2,45.2,40.5,3,0.0
2014-03-21,51.9,41.8,32.6,3,0.0
2014-03-22,63.6,48.8,35.2,3,0.0
2014-03-23,43.8,39.4,32.2,3,0.0
2014-03-24,36.6,30.3,24.4,3,0.0
2014-03-25,37.6,30.7,24.0,73,0.118
2014-03-26,36.7,31.8,28.3,71,0.02
2014-03-27,43.0,32.8,23.9,3,0.0
2014-03-28,59.9,49.0,33.5,53,0.028
2014-03-29,53.1,46.8,43.7,63,0.85
2014-03-30,52.7,45.5,37.7,63,0.937
2014-03-31,56.8,44.4,35.7,73,0.091
2014-04-01,58.4,46.0,32.9,3,0.0
2014-04-02,58.4,47.2,39.4,53,0.067
2014-04-03,63.7,51.7,42.6,55,0.075
2014-04-04,48.8,45.7,42.9,61,0.299
2014-04-05,54.6,47.2,41.6,3,0.0
2014-04-06,57.2,44.6,32.9,3,0.0
2014-04-07,51.4,44.4,35.3,61,0.354
2014-04-08,62.6,55.6,47.3,55,0.185
2014-04-09,60.8,49.7,38.5,2,0.0
2014-04-10,63.9,51.3,36.8,1,0.0
2014-04-11,75.3,62.2,53.6,53,0.094
2014-04-12,70.2,59.0,47.7,53,0.051
2014-04-13,78.4,63.5,50.5,3,0.0
2014-04-14,74.4,66.0,60.2,51,0.004
2014-04-15,66.3,57.7,37.8,63,0.748
2014-04-16,47.9,40.0,31.9,73,0.079
2014-04-17,51.0,41.4,33.4,3,0.0
2014-04-18,52.9,44.0,36.8,3,0.0
2014-04-19,65.3,51.8,39.3,3,0.0
2014-04-20,58.4,50.0,42.0,3,0.0
2014-04-21,66.3,50.4,35.1,1,0.0
2014-04-22,72.0,56.9,44.2,53,0.055
2014-04-23,56.9,52.1,46.6,3,0.0
2014-04-24,59.7,49.2,40.3,0,0.0
2014-04-25,63.3,50.6,39.2,61,0.165
2014-04-26,68.1,56.5,47.3,63,0.319
2014-04-27,59.9,51.6,43.7,3,0.0
2014-04-28,62.8,51.8,39.6,51,0.028
2014-04-29,49.4,47.1,43.7,61,0.26
2014-04-30,61.1,50.9,43.8,63,1.602
2014-05-01,73.9,66.0,60.9,63,0.287
2014-05-02,65.2,59.7,52.0,3,0.0
2014-05-03,68.0,58.6,49.6,3,0.0
2014-05-04,60.3,56.3,49.9,51,0.008
2014-05-05,65.3,54.9,45.9,3,0.0
2014-05-06,68.8,56.6,45.9,3,0.0
2014-05-07,67.6,56.1,44.7,3,0.0
2014-05-08,68.4,58.6,52.8,55,0.142
2014-05-09,73.8,62.4,54.8,53,0.024
2014-05-10,79.6,68.8,60.6,61,0.161
2014-05-11,77.1,68.0,60.0,55,0.067
2014-05-12,84.4,70.6,58.0,51,0.016
2014-05-13,77.2,67.3,55.7,3,0.0
2014-05-14,72.3,61.2,52.6,3,0.0
2014-05-15,79.2,69.2,61.2,51,0.016
2014-05-16,67.5,65.4,59.0,65,1.646
2014-05-17,65.4,59.2,52.4,3,0.0
2014-05-18,63.5,56.1,47.1,3,0.0
2014-05-19,69.6,58.1,44.7,2,0.0
2014-05-20,73.7,62.7,50.0,3,0.0
2014-05-21,70.9,63.5,59.1,55,0.055
2014-05-22,76.7,65.6,56.7,63,0.488
2014-05-23,71.5,64.0,59.1,51,0.024
2014-05-24,70.5,63.1,56.9,51,0.012
2014-05-25,78.7,66.3,54.1,3,0.0
2014-05-26,84.1,71.6,59.6,3,0.0
2014-05-27,86.4,73.9,63.5,61,0.102
2014-05-28,73.6,66.6,57.2,63,0.311
2014-05-29,59.7,56.6,53.8,3,0.0
2014-05-30,72.4,62.8,55.5,51,0.028
2014-05-31,72.5,64.5,55.5,3,0.0
2014-06-01,74.8,64.0,52.8,3,0.0
2014-06-02,78.3,66.6,53.6,1,0.0
2014-06-03,85.2,72.9,60.4,51,0.012
2014-06-04,83.7,74.7,66.0,3,0.0
2014-06-05,75.1,67.4,61.7,63,0.508
2014-06-06,73.2,66.7,59.0,3,0.0
2014-06-07,80.3,69.6,56.5,3,0.0
2014-06-08,83.1,71.8,59.7,3,0.0
2014-06-09,79.0,71.1,66.1,61,0.472
2014-06-10,81.6,72.6,67.2,55,0.102
2014-06-11,73.9,69.6,65.6,61,0.091
2014-06-12,75.7,69.1,62.6,53,0.146
2014-06-13,81.5,72.6,67.8,63,0.63
2014-06-14,74.2,68.8,63.6,3,0.0
2014-06-15,79.3,68.1,57.2,3,0.0
2014-06-16,85.5,72.8,58.4,3,0.0
2014-06-17,91.0,79.6,68.3,3,0.0
2014-06-18,91.5,82.9,76.8,3,0.0
2014-06-19,77.3,73.2,66.8,63,0.283
2014-06-20,79.7,70.6,60.3,3,0.0
2014-06-21,76.0,69.7,63.1,3,0.0
2014-06-22,78.5,71.9,65.7,3,0.0
2014-06-23,81.1,71.7,62.5,3,0.0
2014-06-24,83.3,73.8,65.4,3,0.0
2014-06-25,85.5,76.2,69.0,63,0.516
2014-06-26,85.1,77.2,70.9,55,0.039
2014-06-27,80.7,74.2,69.4,51,0.016
2014-06-28,83.6,74.7,65.4,3,0.0
2014-06-29,83.7,74.0,64.0,3,0.0
2014-06-30,85.3,76.1,66.5,3,0.0
2014-07-01,90.1,80.4,70.3,3,0.0
2014-07-02,93.5,82.7,74.4,63,0.362
2014-07-03,89.0,80.2,73.4,63,0.323
2014-07-04,76.5,71.7,67.9,61,0.295
2014-07-05,80.9,71.1,61.4,0,0.0
2014-07-06,83.4,73.0,60.9,3,0.0
2014-07-07,89.6,79.5,69.0,3,0.0
2014-07-08,92.5,83.3,73.9,53,0.024
2014-07-09,87.6,79.7,72.0,63,0.283
2014-07-10,83.7,75.4,70.6,53,0.118
2014-07-11,84.2,75.2,65.4,3,0.0
2014-07-12,84.7,76.1,67.5,3,0.0
2014-07-13,87.9,78.5,70.3,51,0.012
2014-07-14,88.6,79.4,72.4,65,0.874
2014-07-15,84.7,77.8,73.7,63,0.587
2014-07-16,81.0,74.8,69.7,53,0.063
2014-07-17,79.2,71.8,63.3,2,0.0
2014-07-18,80.7,71.7,59.7,3,0.0
2014-07-19,78.3,71.8,65.6,51,0.012
2014-07-20,79.1,71.3,65.0,51,0.016
2014-07-21,83.2,74.0,65.3,2,0.0
2014-07-22,85.7,76.2,66.9,51,0.004
2014-07-23,89.0,80.2,71.2,3,0.0
2014-07-24,81.9,76.1,70.5,3,0.0
2014-07-25,82.2,73.1,62.9,2,0.0
2014-07-26,81.5,72.6,64.2,51,0.031
2014-07-27,89.2,78.8,70.5,51,0.028
2014-07-28,82.4,75.9,70.3,63,0.453
2014-07-29,74.8,69.1,63.0,51,0.004
2014-07-30,77.4,70.0,61.9,3,0.0
2014-07-31,82.0,72.7,62.4,3,0.0
2014-08-01,81.2,73.2,66.6,53,0.047
2014-08-02,76.7,70.9,66.9,63,0.425
2014-08-03,75.5,70.2,64.5,55,0.154
2014-08-04,83.1,73.6,65.4,3,0.0
2014-08-05,86.2,76.4,65.1,2,0.0
2014-08-06,84.2,74.6,66.3,3,0.0
2014-08-07,82.3,73.5,64.4,1,0.0
2014-08-08,81.9,71.9,60.9,3,0.0
2014-08-09,83.8,73.5,61.4,3,0.0
2014-08-10,85.1,75.3,64.9,3,0.0
2014-08-11,84.7,75.3,67.2,3,0.0
2014-08-12,77.0,72.1,69.3,63,1.059
2014-08-13,81.4,74.4,69.9,61,0.142
2014-08-14,75.9,69.5,61.7,3,0.0
2014-08-15,75.4,66.7,58.0,3,0.0
2014-08-16,79.4,69.5,57.8,3,0.0
2014-08-17,80.5,72.0,62.7,3,0.0
2014-08-18,82.2,71.9,60.0,3,0.0
2014-08-19,83.4,73.0,63.0,3,0.0
2014-08-20,83.1,75.0,67.6,3,0.0
2014-08-21,84.0,74.6,67.4,61,0.15
2014-08-22,80.9,72.1,68.3,61,0.197
2014-08-23,74.8,68.7,65.3,53,0.118
2014-08-24,77.5,69.8,61.9,3,0.0
2014-08-25,83.5,72.4,59.4,3,0.0
2014-08-26,86.1,75.0,63.6,3,0.0
2014-08-27,87.3,76.3,64.9,3,0.0
2014-08-28,81.8,74.8,68.2,2,0.0
2014-08-29,78.8,69.4,59.0,3,0.0
2014-08-30,78.0,70.5,60.3,3,0.0
2014-08-31,88.7,77.7,70.7,63,0.638
2014-09-01,86.9,78.1,72.9,63,0.362
2014-09-02,89.1,80.8,73.5,51,0.008
2014-09-03,83.2,76.3,69.7,3,0.0
2014-09-04,85.2,75.0,64.4,3,0.0
2014-09-05,86.3,76.8,69.5,53,0.031
2014-09-06,90.9,80.0,74.9,61,0.087
2014-09-07,78.9,72.0,64.5,53,0.051
2014-09-08,74.8,68.9,64.0,51,0.004
2014-09-09,74.2,69.5,65.5,3,0.0
2014-09-10,78.0,70.5,63.1,3,0.0
2014-09-11,83.3,74.7,67.0,3,0.0
2014-09-12,77.0,69.6,62.5,3,0.0
2014-09-13,69.5,63.9,59.3,61,0.331
2014-09-14,68.1,60.0,51.6,3,0.0
2014-09-15,70.7,60.8,50.3,3,0.0
2014-09-16,72.6,63.9,57.1,61,0.102
2014-09-17,71.8,64.0,55.2,3,0.0
2014-09-18,73.5,64.0,55.0,3,0.0
2014-09-19,70.5,61.8,55.3,3,0.0
2014-09-20,77.6,66.8,57.8,3,0.0
2014-09-21,79.1,70.5,62.8,3,0.0
2014-09-22,70.4,65.8,58.3,3,0.0
2014-09-23,70.5,60.0,49.1,3,0.0
2014-09-24,70.6,62.4,52.8,3,0.0
2014-09-25,66.0,60.7,58.2,61,0.37
2014-09-26,76.2,64.4,53.1,0,0.0
2014-09-27,81.5,67.4,55.8,0,0.0
2014-09-28,82.4,68.7,56.9,3,0.0
2014-09-29,78.5,68.6,60.9,3,0.0
2014-09-30,77.1,68.1,61.0,51,0.004
2014-10-01,69.9,65.3,62.0,3,0.0
2014-10-02,69.0,64.3,60.4,51,0.004
2014-10-03,71.4,63.7,56.6,51,0.004
2014-10-04,67.2,63.3,54.6,55,0.374
2014-10-05,60.8,52.8,45.0,3,0.0
2014-10-06,70.0,58.3,47.1,3,0.0
2014-10-07,72.6,65.6,60.2,53,0.031
2014-10-08,72.8,65.6,60.2,55,0.13
2014-10-09,69.2,60.4,51.3,3,0.0
2014-10-10,63.8,57.0,50.6,3,0.0
2014-10-11,57.3,54.0,50.4,63,0.547
2014-10-12,62.7,53.6,45.5,3,0.0
2014-10-13,65.4,59.0,51.2,55,0.047
2014-10-14,76.9,69.4,62.5,3,0.0
2014-10-15,76.1,71.2,69.0,63,1.016
2014-10-16,69.5,65.4,59.8,63,0.567
2014-10-17,69.8,62.0,55.0,3,0.0
2014-10-18,68.8,61.7,56.2,3,0.0
2014-10-19,55.5,51.7,44.6,3,0.0
2014-10-20,60.4,50.6,39.4,3,0.0
2014-10-21,67.3,58.3,51.5,51,0.008
2014-10-22,56.4,53.3,51.4,55,0.531
2014-10-23,51.9,51.3,50.8,51,0.079
2014-10-24,67.1,57.2,50.2,3,0.0
2014-10-25,67.3,56.4,45.0,3,0.0
2014-10-26,64.1,58.0,53.0,3,0.0
2014-10-27,64.5,54.2,45.5,3,0.0
2014-10-28,74.4,60.4,50.4,3,0.0
2014-10-29,64.7,59.3,49.9,53,0.067
2014-10-30,57.9,50.8,44.7,3,0.0
2014-10-31,55.1,48.2,39.9,3,0.0
2014-11-01,49.3,45.8,42.7,61,0.65
2014-11-02,47.8,43.0,39.9,51,0.031
2014-11-03,58.3,46.5,39.0,1,0.0
2014-11-04,68.4,53.4,42.7,3,0.0
2014-11-05,63.6,56.6,52.0,3,0.0
2014-11-06,57.4,51.2,45.5,61,0.398
2014-11-07,51.2,46.5,39.3,51,0.016
2014-11-08,48.0,41.0,33.4,3,0.0
2014-11-09,56.0,47.3,41.4,3,0.0
2014-11-10,60.5,48.4,39.7,3,0.0
2014-11-11,67.4,54.6,43.1,3,0.0
2014-11-12,64.5,57.2,47.2,3,0.0
2014-11-13,45.8,41.4,35.7,71,0.138
2014-11-14,42.6,37.4,34.0,71,0.063
2014-11-15,41.7,35.0,29.8,3,0.0
2014-11-16,43.7,36.2,30.4,53,0.031
2014-11-17,51.1,43.4,37.3,63,0.909
2014-11-18,40.0,30.8,26.6,3,0.0
2014-11-19,31.5,27.0,22.6,3,0.0
2014-11-20,45.9,36.9,30.9,3,0.0
2014-11-21,36.2,30.8,26.7,3,0.0
2014-11-22,41.8,33.0,24.5,3,0.0
2014-11-23,53.3,43.2,35.2,3,0.0
2014-11-24,68.2,61.1,49.3,63,0.39
2014-11-25,61.2,53.6,45.2,3,0.0
2014-11-26,45.7,39.1,34.7,75,1.031
2014-11-27,39.7,34.5,27.6,71,0.0
2014-11-28,35.9,28.4,21.8,3,0.0
2014-11-29,35.3,30.8,28.1,71,0.0
2014-11-30,52.0,43.9,34.6,3,0.0
2014-12-01,63.6,53.4,42.6,53,0.067
2014-12-02,45.7,39.4,35.7,73,0.142
2014-12-03,48.4,44.2,38.6,55,0.114
2014-12-04,44.1,37.0,30.3,3,0.0
2014-12-05,47.1,38.5,31.8,53,0.13
2014-12-06,49.0,44.0,40.5,61,0.504
2014-12-07,44.1,37.8,31.2,55,0.13
2014-12-08,34.8,30.8,27.6,3,0.0
2014-12-09,40.8,38.7,34.8,65,2.492
2014-12-10,39.9,37.4,33.2,51,0.024
2014-12-11,36.6,33.8,31.9,73,0.075
2014-12-12,39.2,33.9,29.1,71,0.0
2014-12-13,42.1,35.7,31.5,3,0.0
2014-12-14,46.1,38.0,32.6,3,0.0
2014-12-15,47.4,38.9,33.9,2,0.0
2014-12-16,52.0,40.8,31.3,61,0.134
2014-12-17,51.0,45.0,39.2,3,0.0
2014-12-18,41.1,36.5,32.5,3,0.0
2014-12-19,40.2,35.0,29.1,3,0.0
2014-12-20,36.9,31.6,27.9,3,0.0
2014-12-21,39.6,33.0,28.8,3,0.0
2014-12-22,39.5,34.2,28.5,53,0.059
2014-12-23,50.8,46.5,39.2,53,0.11
2014-12-24,59.6,51.5,44.4,63,0.811
2014-12-25,62.4,50.9,41.7,53,0.118
2014-12-26,48.9,40.7,34.5,3,0.0
2014-12-27,55.1,42.1,34.3,3,0.0
2014-12-28,54.6,46.8,39.7,51,0.039
2014-12-29,44.1,40.0,34.0,3,0.0
2014-12-30,37.1,32.9,29.3,3,0.0
2014-12-31,33.0,28.1,25.3,2,0.0
2015-01-01,39.0,31.1,25.5,1,0.0
2015-01-02,42.9,35.1,30.5,3,0.0
2015-01-03,41.8,34.0,27.8,73,0.614
2015-01-04,57.4,50.1,42.1,61,0.362
2015-01-05,44.7,34.3,26.3,3,0.0
2015-01-06,25.9,23.8,22.1,73,0.098
2015-01-07,23.8,20.0,12.2,3,0.0
2015-01-08,20.4,14.6,9.8,3,0.0
2015-01-09,34.5,26.8,18.5,71,0.016
2015-01-10,23.3,19.1,13.2,0,0.0
2015-01-11,37.7,26.2,16.7,3,0.0
2015-01-12,36.7,34.7,30.8,61,0.594
2015-01-13,35.3,29.4,23.1,53,0.035
2015-01-14,33.0,26.7,22.5,71,0.012
2015-01-15,37.6,29.9,25.8,3,0.0
2015-01-16,41.1,32.2,26.5,2,0.0
2015-01-17,32.1,26.0,21.7,3,0.0
2015-01-18,41.5,35.8,27.7,63,1.22
2015-01-19,42.7,34.4,29.5,3,0.0
2015-01-20,44.8,34.6,28.3,51,0.004
2015-01-21,35.5,29.2,24.8,73,0.063
2015-01-22,42.6,33.4,27.7,3,0.0
2015-01-23,39.5,32.2,26.7,71,0.004
2015-01-24,38.9,34.3,32.0,75,0.783
2015-01-25,44.9,35.7,30.3,71,0.016
2015-01-26,32.1,27.7,25.1,73,0.075
2015-01-27,30.3,25.0,19.9,73,0.102
2015-01-28,31.7,21.6,15.9,3,0.0
2015-01-29,32.1,26.5,17.9,71,0.008
2015-01-30,37.3,31.1,18.4,71,0.012
2015-01-31,25.3,18.4,12.6,2,0.0
2015-02-01,36.7,26.8,17.2,71,0.0
2015-02-02,47.9,35.0,16.4,75,0.866
2015-02-03,28.0,20.9,14.3,3,0.0
2015-02-04,43.4,31.9,20.6,3,0.0
2015-02-05,36.6,27.9,16.7,71,0.016
2015-02-06,32.9,21.9,14.1,3,0.0
2015-02-07,42.3,30.0,20.2,3,0.0
2015-02-08,48.1,37.6,31.1,3,0.0
2015-02-09,34.6,30.8,27.7,51,0.016
2015-02-10,40.2,31.6,26.6,71,0.016
2015-02-11,36.9,29.7,24.0,3,0.0
2015-02-12,42.1,32.6,22.8,3,0.0
2015-02-13,22.7,16.3,9.2,3,0.0
2015-02-14,31.3,25.9,19.0,73,0.071
2015-02-15,24.9,12.1,4.3,73,0.071
2015-02-16,18.7,9.1,0.1,71,0.012
2015-02-17,27.2,19.2,14.2,73,0.142
2015-02-18,31.2,20.8,9.6,71,0.008
2015-02-19,22.6,14.7,7.8,71,0.0
2015-02-20,17.0,7.2,-1.7,0,0.0
2015-02-21,32.6,18.3,3.7,75,0.539
2015-02-22,41.6,35.7,28.5,73,0.295
2015-02-23,31.3,23.9,11.8,71,0.0
2015-02-24,24.2,16.1,6.8,3,0.0
2015-02-25,36.1,24.0,9.2,3,0.0
2015-02-26,31.8,26.8,22.4,73,0.051
2015-02-27,29.3,23.0,17.1,3,0.0
2015-02-28,28.8,19.0,7.8,3,0.0
2015-03-01,31.0,26.7,22.5,75,0.421
2015-03-02,36.8,32.1,21.8,51,0.004
2015-03-03,36.8,24.1,13.2,73,0.327
2015-03-04,42.1,38.9,36.7,61,0.343
2015-03-05,37.6,28.9,20.0,75,1.039
2015-03-06,25.5,14.7,1.7,3,0.0
2015-03-07,38.8,21.3,4.4,3,0.0
2015-03-08,45.2,35.2,25.6,3,0.0
2015-03-09,49.7,38.7,28.8,3,0.0
2015-03-10,51.0,43.4,34.0,55,0.331
2015-03-11,61.9,48.7,40.2,55,0.094
2015-03-12,49.1,40.7,31.2,2,0.0
2015-03-13,47.1,36.7,27.1,3,0.0
2015-03-14,49.1,43.4,37.0,61,0.862
2015-03-15,47.4,41.5,37.2,3,0.0
2015-03-16,54.7,42.0,30.0,3,0.0
2015-03-17,61.1,48.2,34.6,51,0.008
2015-03-18,42.2,35.1,29.2,3,0.0
2015-03-19,44.5,35.8,27.4,3,0.0
2015-03-20,35.9,33.1,30.6,75,0.543
2015-03-21,53.0,40.3,31.0,3,0.0
2015-03-22,45.6,39.6,33.1,3,0.0
2015-03-23,42.2,33.8,27.0,3,0.0
2015-03-24,43.3,34.9,28.5,3,0.0
2015-03-25,44.7,38.4,30.3,61,0.106
2015-03-26,62.7,52.7,41.1,55,0.154
2015-03-27,50.4,42.1,36.2,71,0.268
2015-03-28,40.8,36.3,30.7,3,0.0
2015-03-29,44.0,34.3,26.8,3,0.0
2015-03-30,54.2,43.0,32.2,73,0.028
2015-03-31,55.5,41.3,33.0,55,0.232
2015-04-01,52.6,41.3,30.4,1,0.0
2015-04-02,63.1,48.9,33.8,3,0.0
2015-04-03,62.6,58.7,56.6,63,0.402
2015-04-04,60.2,51.8,43.6,63,0.307
2015-04-05,61.6,49.7,39.0,3,0.0
2015-04-06,69.9,55.6,40.5,3,0.0
2015-04-07,68.2,57.1,46.4,61,0.461
2015-04-08,45.7,43.2,40.9,3,0.0
2015-04-09,45.3,41.2,38.4,51,0.012
2015-04-10,60.9,50.7,40.4,53,0.051
2015-04-11,59.1,53.2,45.8,3,0.0
2015-04-12,64.5,50.7,37.0,2,0.0
2015-04-13,71.9,56.4,42.5,3,0.0
2015-04-14,58.9,56.7,52.5,53,0.134
2015-04-15,67.2,56.5,47.3,3,0.0
2015-04-16,67.5,56.1,45.9,3,0.0
2015-04-17,70.3,60.8,52.4,55,0.118
2015-04-18,77.1,64.6,51.0,3,0.0
2015-04-19,62.2,55.4,47.5,3,0.0
2015-04-20,74.0,60.5,47.5,63,1.094
2015-04-21,63.6,59.1,50.4,53,0.055
2015-04-22,67.8,54.9,46.1,61,0.118
2015-04-23,50.6,45.6,39.2,51,0.016
2015-04-24,52.9,43.8,35.6,3,0.0
2015-04-25,54.5,43.9,33.4,3,0.0
2015-04-26,58.4,49.6,39.8,3,0.0
2015-04-27,57.8,49.9,40.4,51,0.004
2015-04-28,66.1,55.4,46.3,3,0.0
2015-04-29,72.8,59.9,47.1,3,0.0
2015-04-30,67.1,56.4,48.7,51,0.004
2015-05-01,59.3,53.6,48.0,51,0.004
2015-05-02,69.1,57.0,45.0,2,0.0
2015-05-03,77.4,62.6,48.3,2,0.0
2015-05-04,81.6,67.7,52.8,1,0.0
2015-05-05,81.7,70.3,60.9,53,0.075
2015-05-06,76.2,67.0,61.3,55,0.071
2015-05-07,77.7,66.3,54.1,3,0.0
2015-05-08,81.4,68.4,55.5,3,0.0
2015-05-09,74.8,65.4,56.8,51,0.02
2015-05-10,81.4,71.2,63.7,3,0.0
2015-05-11,79.1,71.9,65.6,51,0.016
2015-05-12,85.9,76.1,67.3,3,0.0
2015-05-13,69.0,62.6,56.3,3,0.0
2015-05-14,69.8,59.6,48.7,2,0.0
2015-05-15,73.2,62.2,51.6,3,0.0
2015-05-16,83.0,69.6,58.3,61,0.335
2015-05-17,81.7,73.5,66.4,53,0.051
2015-05-18,82.4,72.2,64.3,51,0.039
2015-05-19,81.9,69.4,60.0,61,0.197
2015-05-20,69.9,63.0,55.8,3,0.0
2015-05-21,57.3,53.5,51.5,51,0.035
2015-05-22,72.4,61.6,50.4,3,0.0
2015-05-23,68.5,59.1,50.1,1,0.0
2015-05-24,78.5,65.0,48.8,3,0.0
2015-05-25,83.8,72.0,59.4,3,0.0
2015-05-26,85.7,74.8,64.3,3,0.0
2015-05-27,86.6,76.1,69.0,53,0.071
2015-05-28,87.6,76.5,67.8,61,0.059
2015-05-29,84.6,74.8,64.9,3,0.0
2015-05-30,86.0,75.8,66.8,3,0.0
2015-05-31,88.0,77.4,68.9,3,0.0
2015-06-01,82.5,69.6,59.0,63,0.925
2015-06-02,58.6,55.1,53.8,63,0.87
2015-06-03,67.2,59.1,53.7,53,0.059
2015-06-04,66.8,59.9,56.4,3,0.0
2015-06-05,64.9,59.3,54.6,51,0.043
2015-06-06,75.6,66.7,57.3,61,0.339
2015-06-07,73.5,64.1,53.1,3,0.0
2015-06-08,80.5,70.7,61.5,53,0.091
2015-06-09,81.8,74.2,68.2,61,0.102
2015-06-10,81.3,72.7,63.7,3,0.0
2015-06-11,90.1,78.4,68.1,53,0.035
2015-06-12,90.9,80.6,70.4,51,0.016
2015-06-13,85.2,79.2,74.1,3,0.0
2015-06-14,87.9,79.0,72.6,53,0.047
2015-06-15,86.4,78.1,71.0,63,0.476
2015-06-16,88.3,79.9,72.0,61,0.083
2015-06-17,82.6,74.2,67.6,3,0.0
2015-06-18,74.6,69.1,64.7,63,0.555
2015-06-19,83.1,75.3,67.5,51,0.055
2015-06-20,81.6,74.4,69.2,53,0.031
2015-06-21,86.7,78.4,72.0,63,0.898
2015-06-22,85.4,78.3,69.4,3,0.0
2015-06-23,92.4,80.8,73.6,51,0.028
2015-06-24,82.2,74.8,67.0,3,0.0
2015-06-25,82.5,72.8,63.3,53,0.063
2015-06-26,80.0,72.4,65.8,61,0.098
2015-06-27,69.1,65.3,62.0,65,1.524
2015-06-28,77.0,69.6,63.6,53,0.134
2015-06-29,76.1,68.8,60.3,3,0.0
2015-06-30,82.5,73.1,63.2,61,0.098
2015-07-01,82.3,75.7,70.6,51,0.051
2015-07-02,76.1,70.9,64.2,55,0.134
2015-07-03,80.5,71.3,62.8,3,0.0
2015-07-04,76.4,71.0,66.1,51,0.004
2015-07-05,82.6,74.2,64.2,3,0.0
2015-07-06,84.0,74.6,67.9,53,0.094
2015-07-07,85.7,78.6,72.2,61,0.102
2015-07-08,88.7,79.7,74.2,55,0.055
2015-07-09,85.1,77.4,70.1,63,0.205
2015-07-10,83.5,75.9,67.2,3,0.0
2015-07-11,84.4,76.3,68.1,3,0.0
2015-07-12,86.6,77.3,68.9,3,0.0
2015-07-13,85.8,77.0,68.5,3,0.0
2015-07-14,84.4,76.0,70.1,61,0.126
2015-07-15,79.0,74.5,70.8,63,0.449
2015-07-16,79.8,72.2,65.1,3,0.0
2015-07-17,80.2,72.4,63.1,3,0.0
2015-07-18,86.3,77.9,70.6,51,0.039
2015-07-19,93.3,82.9,72.6,51,0.016
2015-07-20,93.1,84.4,78.0,51,0.02
2015-07-21,88.5,82.1,74.7,53,0.031
2015-07-22,85.2,77.3,69.1,3,0.0
2015-07-23,83.2,74.5,65.8,3,0.0
2015-07-24,85.2,75.3,64.1,3,0.0
2015-07-25,88.0,76.6,64.4,3,0.0
2015-07-26,88.1,78.3,69.7,63,0.161
2015-07-27,83.4,76.8,69.6,63,0.417
2015-07-28,89.4,79.9,70.3,3,0.0
2015-07-29,89.2,81.4,73.0,3,0.0
2015-07-30,89.1,79.7,73.6,65,1.098
2015-07-31,87.9,78.5,69.8,2,0.0
2015-08-01,86.2,78.9,71.9,2,0.0
2015-08-02,86.8,77.1,65.7,3,0.0
2015-08-03,88.7,79.1,69.3,3,0.0
2015-08-04,88.8,80.0,71.4,51,0.008
2015-08-05,88.3,78.2,68.5,3,0.0
2015-08-06,82.6,74.3,64.5,53,0.031
2015-08-07,82.3,74.1,66.4,53,0.083
2015-08-08,82.7,73.6,65.0,3,0.0
2015-08-09,85.0,75.1,65.6,3,0.0
2015-08-10,80.2,72.4,67.5,53,0.035
2015-08-11,82.3,73.7,69.3,63,0.803
2015-08-12,81.4,74.2,67.4,2,0.0
2015-08-13,81.0,72.4,63.2,2,0.0
2015-08-14,86.4,75.2,62.3,2,0.0
2015-08-15,88.5,78.1,67.1,2,0.0
2015-08-16,90.9,79.5,68.8,51,0.008
2015-08-17,91.1,81.1,71.0,2,0.0
2015-08-18,90.3,79.8,72.2,3,0.0
2015-08-19,87.0,79.3,72.7,3,0.0
2015-08-20,85.9,78.3,73.5,63,0.197
2015-08-21,85.1,77.4,71.6,63,0.24
2015-08-22,82.9,74.4,66.0,3,0.0
2015-08-23,82.9,73.0,60.9,3,0.0
2015-08-24,87.3,76.2,65.1,3,0.0
2015-08-25,87.0,77.8,71.1,51,0.008
2015-08-26,81.3,72.1,64.5,3,0.0
2015-08-27,80.8,71.2,62.6,3,0.0
2015-08-28,81.2,71.6,61.6,3,0.0
2015-08-29,83.6,74.7,65.0,3,0.0
2015-08-30,88.0,77.4,66.4,3,0.0
2015-08-31,87.6,78.8,73.2,53,0.028
2015-09-01,90.9,80.6,70.0,3,0.0
2015-09-02,90.4,81.3,71.6,3,0.0
2015-09-03,93.6,80.0,70.6,63,0.362
2015-09-04,85.0,77.1,71.9,55,0.114
2015-09-05,82.0,74.1,68.4,3,0.0
2015-09-06,83.3,72.4,60.6,3,0.0
2015-09-07,87.8,76.1,64.3,3,0.0
2015-09-08,91.1,79.8,69.9,1,0.0
2015-09-09,90.6,80.4,73.4,53,0.039
2015-09-10,77.7,72.6,69.2,63,1.492
2015-09-11,80.8,72.3,67.2,63,0.118
2015-09-12,77.3,70.0,65.0,63,0.508
2015-09-13,72.3,65.9,62.3,3,0.0
2015-09-14,73.5,64.3,56.9,0,0.0
2015-09-15,80.3,67.8,55.6,1,0.0
2015-09-16,83.6,70.8,58.3,2,0.0
2015-09-17,83.7,72.0,60.4,2,0.0
2015-09-18,82.9,71.8,61.7,1,0.0
2015-09-19,82.2,71.9,62.0,3,0.0
2015-09-20,77.5,71.0,65.4,2,0.0
2015-09-21,71.2,63.9,58.6,3,0.0
2015-09-22,70.9,65.2,61.6,3,0.0
2015-09-23,77.6,66.8,58.1,3,0.0
2015-09-24,79.5,67.4,55.2,3,0.0
2015-09-25,74.3,66.7,61.8,3,0.0
2015-09-26,69.3,64.1,60.7,3,0.0
2015-09-27,74.4,64.5,59.6,51,0.016
2015-09-28,80.1,69.4,60.4,3,0.0
2015-09-29,80.5,72.0,64.9,61,0.26
2015-09-30,77.1,71.9,64.8,63,0.472
2015-10-01,63.7,58.0,55.2,61,0.465
2015-10-02,56.0,50.2,47.5,63,1.646
2015-10-03,55.4,51.5,48.2,53,0.126
2015-10-04,59.4,56.6,54.3,3,0.0
2015-10-05,64.3,56.8,50.0,3,0.0
2015-10-06,72.0,59.8,48.3,3,0.0
2015-10-07,72.2,63.7,57.3,3,0.0
2015-10-08,71.0,63.6,56.9,51,0.008
2015-10-09,77.1,66.7,58.5,55,0.094
2015-10-10,63.2,57.3,51.2,3,0.0
2015-10-11,68.1,56.7,47.5,3,0.0
2015-10-12,73.2,60.1,49.5,0,0.0
2015-10-13,70.9,63.0,55.8,53,0.028
2015-10-14,65.2,59.3,53.2,3,0.0
2015-10-15,62.5,56.4,50.0,3,0.0
2015-10-16,62.6,55.5,50.5,3,0.0
2015-10-17,55.8,49.4,42.9,3,0.0
2015-10-18,49.5,42.7,35.8,51,0.004
2015-10-19,52.4,42.6,33.0,0,0.0
2015-10-20,68.0,54.4,44.4,3,0.0
2015-10-21,73.7,59.3,47.8,3,0.0
2015-10-22,74.6,61.0,49.7,51,0.02
2015-10-23,62.2,56.9,48.6,2,0.0
2015-10-24,60.0,50.9,40.9,3,0.0
2015-10-25,67.5,58.8,54.6,53,0.035
2015-10-26,58.8,51.2,44.5,3,0.0
2015-10-27,58.7,49.8,40.9,3,0.0
2015-10-28,66.3,60.0,52.1,63,1.047
2015-10-29,68.0,64.3,56.8,53,0.098
2015-10-30,57.6,52.3,46.6,3,0.0
2015-10-31,55.4,47.1,37.8,3,0.0
2015-11-01,66.3,56.6,47.8,51,0.012
2015-11-02,64.5,56.3,51.0,3,0.0
2015-11-03,71.2,56.2,43.6,2,0.0
2015-11-04,74.0,59.2,48.5,0,0.0
2015-11-05,67.1,60.4,53.8,51,0.024
2015-11-06,71.1,66.3,62.5,51,0.02
2015-11-07,66.4,60.0,54.2,3,0.0
2015-11-08,56.4,50.5,44.7,3,0.0
2015-11-09,58.0,50.1,43.0,3,0.0
2015-11-10,60.9,55.6,50.6,55,0.319
2015-11-11,62.6,56.2,52.0,61,0.079
2015-11-12,59.1,54.3,48.3,61,0.189
2015-11-13,55.9,52.6,46.5,3,0.0
2015-11-14,49.3,45.0,41.0,3,0.0
2015-11-15,59.1,46.3,35.7,3,0.0
2015-11-16,66.3,53.0,43.9,0,0.0
2015-11-17,54.1,48.2,43.9,3,0.0
2015-11-18,61.1,51.7,42.0,3,0.0
2015-11-19,63.1,60.3,57.9,63,0.772
2015-11-20,60.2,51.6,41.0,3,0.0
2015-11-21,51.3,44.9,38.7,3,0.0
2015-11-22,49.1,46.3,40.9,3,0.0
2015-11-23,41.5,36.5,30.5,3,0.0
2015-11-24,48.2,37.6,29.2,3,0.0
2015-11-25,50.5,40.9,31.6,2,0.0
2015-11-26,61.2,47.0,36.3,3,0.0
2015-11-27,64.5,51.6,42.1,3,0.0
2015-11-28,59.3,53.3,48.6,51,0.02
2015-11-29,48.1,44.3,39.3,53,0.098
2015-11-30,46.9,40.9,33.8,53,0.02
2015-12-01,52.3,49.4,43.8,61,0.461
2015-12-02,56.3,52.6,49.4,55,0.276
2015-12-03,54.0,46.0,42.0,3,0.0
2015-12-04,50.5,43.4,38.4,3,0.0
2015-12-05,49.5,40.7,32.8,0,0.0
2015-12-06,51.3,40.0,31.4,3,0.0
2015-12-07,54.3,42.5,34.5,3,0.0
2015-12-08,47.8,40.4,33.6,3,0.0
2015-12-09,54.5,44.2,35.3,3,0.0
2015-12-10,58.1,48.8,42.2,51,0.012
2015-12-11,62.3,50.6,42.5,3,0.0
2015-12-12,67.4,55.6,47.3,3,0.0
2015-12-13,70.6,59.0,51.9,3,0.0
2015-12-14,67.4,60.4,54.3,61,0.134
2015-12-15,65.1,57.2,49.2,53,0.063
2015-12-16,52.2,48.6,43.5,3,0.0
2015-12-17,54.2,50.0,45.1,63,0.866
2015-12-18,52.3,46.2,39.3,3,0.0
2015-12-19,39.6,35.9,31.7,3,0.0
2015-12-20,41.9,35.1,30.2,3,0.0
2015-12-21,52.0,44.4,33.0,3,0.0
2015-12-22,58.4,54.2,51.0,61,0.268
2015-12-23,65.1,57.4,52.6,65,1.417
2015-12-24,69.1,66.0,61.0,61,0.098
2015-12-25,66.9,62.3,59.2,63,0.811
2015-12-26,59.3,53.2,50.5,51,0.004
2015-12-27,63.9,56.0,47.7,53,0.094
2015-12-28,45.1,42.0,39.7,51,0.016
2015-12-29,54.8,47.8,40.6,61,0.575
2015-12-30,51.7,47.3,42.0,53,0.063
2015-12-31,50.3,47.3,41.3,51,0.016
2016-01-01,43.4,38.8,34.0,3,0.0
2016-01-02,42.0,34.8,29.5,1,0.0
2016-01-03,45.6,36.2,30.2,1,0.0
2016-01-04,33.9,28.8,19.1,3,0.0
2016-01-05,30.4,21.2,14.3,0,0.0
2016-01-06,38.4,26.7,19.3,0,0.0
2016-01-07,39.7,32.4,25.3,3,0.0
2016-01-08,43.4,38.1,34.6,51,0.004
2016-01-09,51.6,43.7,35.9,51,0.012
2016-01-10,59.1,52.6,37.4,63,0.917
2016-01-11,35.9,31.4,27.0,3,0.0
2016-01-12,41.7,31.6,23.3,3,0.0
2016-01-13,28.0,25.0,22.0,3,0.0
2016-01-14,42.1,31.1,22.9,3,0.0
2016-01-15,50.7,39.3,30.9,55,0.094
2016-01-16,49.8,42.9,38.4,61,0.331
2016-01-17,38.3,32.9,27.5,73,0.055
2016-01-18,29.6,24.4,19.5,2,0.0
2016-01-19,27.9,21.5,15.4,0,0.0
2016-01-20,34.8,27.4,22.5,3,0.0
2016-01-21,35.3,29.3,25.8,71,0.0
2016-01-22,29.2,25.7,23.1,73,0.126
2016-01-23,27.3,25.8,24.0,75,1.913
2016-01-24,30.4,22.9,15.8,71,0.012
2016-01-25,33.9,23.5,14.6,3,0.0
2016-01-26,44.4,34.7,25.0,3,0.0
2016-01-27,40.0,35.3,26.4,51,0.024
2016-01-28,37.8,26.4,16.9,3,0.0
2016-01-29,38.5,28.8,17.3,3,0.0
2016-01-30,36.1,27.2,15.9,1,0.0
2016-01-31,46.4,38.3,32.5,3,0.0
2016-02-01,50.4,42.9,36.1,53,0.055
2016-02-02,48.6,35.7,27.4,3,0.0
2016-02-03,58.3,47.9,31.1,63,0.642
2016-02-04,56.0,50.0,44.5,61,0.091
2016-02-05,43.1,35.8,28.3,75,0.512
2016-02-06,41.2,33.3,28.9,3,0.0
2016-02-07,47.0,36.4,28.8,3,0.0
2016-02-08,40.8,36.2,31.6,71,0.016
2016-02-09,40.6,33.2,29.7,73,0.138
2016-02-10,36.2,32.7,28.4,71,0.035
2016-02-11,27.9,24.3,21.4,3,0.0
2016-02-12,26.3,20.8,14.6,3,0.0
2016-02-13,20.6,18.0,11.3,71,0.0
2016-02-14,18.5,12.4,5.8,3,0.0
2016-02-15,34.5,24.0,14.7,73,0.193
2016-02-16,55.1,45.8,32.4,63,0.488
2016-02-17,41.9,35.4,29.9,3,0.0
2016-02-18,36.1,30.7,26.6,3,0.0
2016-02-19,37.0,30.0,24.0,3,0.0
2016-02-20,59.5,46.5,33.9,3,0.0
2016-02-21,56.9,47.0,36.6,51,0.035
2016-02-22,50.4,41.6,32.2,53,0.055
2016-02-23,43.5,38.0,33.4,61,0.311
2016-02-24,61.3,50.7,39.2,63,0.862
2016-02-25,60.9,48.0,38.0,63,0.205
2016-02-26,39.9,35.2,30.7,3,0.0
2016-02-27,41.3,33.3,26.2,3,0.0
2016-02-28,59.3,44.4,32.4,2,0.0
2016-02-29,59.6,50.5,44.3,51,0.031
2016-03-01,59.3,47.4,36.4,3,0.0
2016-03-02,57.3,43.6,32.4,61,0.161
2016-03-03,38.2,32.7,26.5,3,0.0
2016-03-04,39.3,33.8,30.1,73,0.13
2016-03-05,41.1,33.7,26.7,3,0.0
2016-03-06,44.9,36.7,29.6,3,0.0
2016-03-07,57.9,43.1,30.7,3,0.0
2016-03-08,71.1,54.9,42.4,3,0.0
2016-03-09,77.1,59.2,44.2,3,0.0
2016-03-10,78.0,65.1,53.4,3,0.0
2016-03-11,65.4,59.7,49.4,55,0.087
2016-03-12,60.8,49.5,38.7,3,0.0
2016-03-13,57.9,51.7,46.9,53,0.13
2016-03-14,47.7,46.0,43.7,61,0.417
2016-03-15,52.6,48.0,44.3,53,0.02
2016-03-16,68.1,54.6,44.8,53,0.055
2016-03-17,61.4,51.4,42.6,51,0.004
2016-03-18,59.1,50.4,42.3,2,0.0
2016-03-19,43.8,40.4,36.0,51,0.016
2016-03-20,40.9,36.8,34.1,73,0.122
2016-03-21,48.7,39.6,31.4,73,0.067
2016-03-22,55.5,43.1,29.9,2,0.0
2016-03-23,69.9,56.8,47.3,3,0.0
2016-03-24,68.2,56.1,42.5,3,0.0
2016-03-25,70.8,62.2,51.7,63,0.154
2016-03-26,56.4,47.2,37.5,3,0.0
2016-03-27,57.2,48.6,43.0,3,0.0
2016-03-28,62.9,51.8,44.2,61,0.35
2016-03-29,54.9,47.8,41.9,3,0.0
2016-03-30,56.6,44.5,32.2,3,0.0
2016-03-31,70.6,59.5,46.0,3,0.0
2016-04-01,75.4,66.6,62.5,53,0.087
2016-04-02,61.0,54.9,49.4,61,0.228
2016-04-03,47.7,39.8,33.1,53,0.039
2016-04-04,61.5,47.7,37.0,61,0.272
2016-04-05,42.9,36.1,30.2,3,0.0
2016-04-06,50.1,39.8,28.3,3,0.0
2016-04-07,57.3,52.2,46.9,63,0.685
2016-04-08,49.3,44.4,39.3,3,0.0
2016-04-09,40.9,37.4,34.7,75,0.457
2016-04-10,48.6,38.7,29.2,3,0.0
2016-04-11,64.5,51.1,38.7,51,0.024
2016-04-12,59.3,54.9,45.3,61,0.24
2016-04-13,55.1,45.9,36.2,2,0.0
2016-04-14,60.4,48.0,35.7,2,0.0
2016-04-15,61.5,49.6,36.6,0,0.0
2016-04-16,63.6,51.3,39.3,3,0.0
2016-04-17,70.3,54.6,39.0,2,0.0
2016-04-18,77.4,61.5,47.0,3,0.0
2016-04-19,71.0,60.4,50.1,3,0.0
2016-04-20,67.3,56.5,45.6,1,0.0
2016-04-21,69.3,57.8,44.7,3,0.0
2016-04-22,77.0,65.9,58.6,61,0.067
2016-04-23,68.1,62.2,54.6,55,0.169
2016-04-24,65.6,55.0,44.9,1,0.0
2016-04-25,73.5,60.1,46.1,3,0.0
2016-04-26,82.3,67.0,57.5,61,0.15
2016-04-27,57.3,51.6,48.6,51,0.012
2016-04-28,56.2,48.7,45.3,61,0.248
2016-04-29,51.6,47.9,45.1,53,0.051
2016-04-30,58.0,51.8,45.6,51,0.004
2016-05-01,52.8,49.8,47.2,61,0.283
2016-05-02,69.4,55.8,47.5,63,0.244
2016-05-03,58.5,55.3,52.7,63,0.937
2016-05-04,54.9,51.0,48.5,61,0.15
2016-05-05,55.2,50.8,47.8,51,0.031
2016-05-06,53.6,50.2,48.2,63,0.965
2016-05-07,61.2,53.8,48.0,53,0.051
2016-05-08,66.1,56.2,47.6,53,0.071
2016-05-09,69.6,58.3,46.6,3,0.0
2016-05-10,58.9,54.9,51.2,3,0.0
2016-05-11,69.0,58.7,49.4,51,0.012
2016-05-12,73.9,64.1,53.7,51,0.02
2016-05-13,66.1,61.1,57.7,61,0.366
2016-05-14,73.2,61.8,52.7,53,0.047
2016-05-15,55.3,51.2,46.7,51,0.012
2016-05-16,64.2,51.9,41.4,3,0.0
2016-05-17,60.1,53.2,49.2,55,0.098
2016-05-18,65.2,56.1,46.6,3,0.0
2016-05-19,69.9,60.8,53.2,3,0.0
2016-05-20,73.4,62.2,48.8,3,0.0
2016-05-21,60.1,56.5,52.8,61,0.354
2016-05-22,64.9,57.0,51.1,53,0.213
2016-05-23,72.6,60.9,50.3,61,0.213
2016-05-24,79.7,66.3,55.6,53,0.039
2016-05-25,84.7,71.4,55.9,3,0.0
2016-05-26,86.9,74.7,60.8,3,0.0
2016-05-27,86.7,77.3,68.2,53,0.02
2016-05-28,87.8,77.6,68.4,51,0.016
2016-05-29,85.2,75.4,64.8,53,0.035
2016-05-30,78.9,73.2,69.2,63,0.551
2016-05-31,85.6,76.2,68.7,51,0.012
2016-06-01,84.1,74.5,65.7,3,0.0
2016-06-02,80.2,71.0,62.9,3,0.0
2016-06-03,71.9,67.3,63.9,61,0.516
2016-06-04,80.5,72.4,65.6,51,0.004
2016-06-05,80.8,71.1,66.0,63,0.535
2016-06-06,81.7,74.0,66.7,3,0.0
2016-06-07,82.9,73.7,66.3,61,0.067
2016-06-08,68.1,62.3,58.0,63,0.264
2016-06-09,72.8,62.9,53.0,3,0.0
2016-06-10,75.6,65.1,55.5,3,0.0
2016-06-11,88.5,73.2,57.5,51,0.012
2016-06-12,84.8,77.7,67.0,3,0.0
2016-06-13,78.0,68.2,59.1,3,0.0
2016-06-14,78.4,68.8,60.0,3,0.0
2016-06-15,80.1,69.3,58.0,51,0.004
2016-06-16,74.2,67.6,63.9,63,0.287
2016-06-17,80.6,71.3,64.0,51,0.004
2016-06-18,82.7,71.2,57.7,3,0.0
2016-06-19,88.8,76.9,64.2,3,0.0
2016-06-20,89.6,79.0,66.4,3,0.0
2016-06-21,82.6,75.4,70.6,63,0.598
2016-06-22,84.5,75.3,68.4,3,0.0
2016-06-23,82.3,73.6,66.3,51,0.035
2016-06-24,80.2,73.2,67.4,53,0.035
2016-06-25,83.1,74.2,65.2,3,0.0
2016-06-26,84.9,74.4,64.7,3,0.0
2016-06-27,84.8,73.1,62.4,63,0.307
2016-06-28,78.8,73.2,69.8,61,0.299
2016-06-29,82.3,74.4,66.9,53,0.031
2016-06-30,83.4,74.2,64.2,3,0.0
2016-07-01,84.4,74.9,67.8,61,0.083
2016-07-02,79.5,73.0,65.9,3,0.0
2016-07-03,78.0,70.5,63.4,3,0.0
2016-07-04,80.2,70.7,63.0,61,0.213
2016-07-05,87.0,77.2,68.2,63,0.567
2016-07-06,91.0,81.4,70.6,3,0.0
2016-07-07,90.7,82.7,73.3,3,0.0
2016-07-08,90.7,80.9,73.6,63,0.504
2016-07-09,80.0,74.5,72.3,61,0.291
2016-07-10,81.9,75.1,69.0,3,0.0
2016-07-11,83.0,73.6,63.1,3,0.0
2016-07-12,83.8,75.1,65.5,51,0.004
2016-07-13,80.7,75.4,70.3,53,0.083
2016-07-14,91.5,82.0,73.6,53,0.031
2016-07-15,90.2,83.3,75.7,3,0.0
2016-07-16,91.7,80.9,73.8,63,0.307
2016-07-17,90.2,81.0,71.6,3,0.0
2016-07-18,93.6,82.6,75.3,3,0.0
2016-07-19,87.8,80.2,73.4,3,0.0
2016-07-20,84.3,76.9,70.2,3,0.0
2016-07-21,88.5,78.1,67.7,3,0.0
2016-07-22,94.1,82.8,72.4,51,0.008
2016-07-23,96.3,86.3,76.4,1,0.0
2016-07-24,95.7,84.2,71.7,3,0.0
2016-07-25,94.2,84.1,74.5,63,0.307
2016-07-26,92.4,83.5,73.3,3,0.0
2016-07-27,91.7,83.4,75.7,3,0.0
2016-07-28,92.0,82.7,75.8,61,0.11
2016-07-29,85.8,78.3,70.7,63,0.776
2016-07-30,84.8,79.0,73.9,51,0.039
2016-07-31,85.5,77.6,73.4,61,0.354
2016-08-01,82.5,75.7,72.2,63,0.472
2016-08-02,79.1,73.9,70.8,53,0.047
2016-08-03,81.1,73.2,65.1,3,0.0
2016-08-04,82.3,73.2,63.4,3,0.0
2016-08-05,82.0,74.5,65.9,51,0.016
2016-08-06,88.7,79.2,72.8,51,0.031
2016-08-07,86.7,78.5,68.9,1,0.0
2016-08-08,83.4,76.7,69.0,3,0.0
2016-08-09,85.1,77.5,69.5,51,0.004
2016-08-10,87.6,81.1,75.1,51,0.016
2016-08-11,89.8,81.8,75.6,63,0.26
2016-08-12,93.5,84.3,78.1,63,0.13
2016-08-13,93.2,85.4,79.7,53,0.067
2016-08-14,94.2,86.1,79.9,3,0.0
2016-08-15,91.5,82.5,74.7,55,0.047
2016-08-16,87.0,80.1,75.1,63,0.528
2016-08-17,87.9,82.3,76.7,3,0.0
2016-08-18,85.7,79.1,72.8,63,0.291
2016-08-19,87.3,79.7,72.6,2,0.0
2016-08-20,87.0,78.4,70.0,3,0.0
2016-08-21,82.7,76.4,71.3,61,0.22
2016-08-22,80.1,72.7,66.5,1,0.0
2016-08-23,81.6,71.3,60.0,0,0.0
2016-08-24,84.4,74.2,63.6,3,0.0
2016-08-25,86.1,76.2,67.3,51,0.02
2016-08-26,91.6,82.3,74.7,1,0.0
2016-08-27,90.0,80.2,70.8,3,0.0
2016-08-28,87.9,78.7,69.4,2,0.0
2016-08-29,91.5,80.6,70.9,3,0.0
2016-08-30,87.0,78.2,69.4,3,0.0
2016-08-31,89.7,79.2,69.9,3,0.0
2016-09-01,79.6,74.1,71.1,63,0.744
2016-09-02,79.8,72.1,64.5,3,0.0
2016-09-03,75.9,69.7,66.3,3,0.0
2016-09-04,79.6,70.4,63.2,3,0.0
2016-09-05,85.8,71.9,61.5,3,0.0
2016-09-06,85.0,76.9,69.9,3,0.0
2016-09-07,87.2,78.1,71.7,3,0.0
2016-09-08,92.2,80.1,70.4,51,0.012
2016-09-09,92.4,83.9,77.5,3,0.0
2016-09-10,92.8,82.7,75.8,53,0.028
2016-09-11,83.5,79.1,72.2,3,0.0
2016-09-12,80.5,71.6,61.4,2,0.0
2016-09-13,83.2,72.7,62.9,3,0.0
2016-09-14,91.1,78.6,67.7,2,0.0
2016-09-15,77.4,70.3,62.9,51,0.012
2016-09-16,76.7,67.1,57.7,1,0.0
2016-09-17,81.6,69.7,58.3,3,0.0
2016-09-18,84.5,76.1,68.9,53,0.024
2016-09-19,74.4,71.2,69.3,63,0.937
2016-09-20,80.6,73.4,68.6,3,0.0
2016-09-21,83.3,74.3,66.8,3,0.0
2016-09-22,84.0,72.2,61.3,2,0.0
2016-09-23,87.0,73.3,60.3,3,0.0
2016-09-24,71.3,66.3,61.3,51,0.02
2016-09-25,71.6,62.5,53.5,3,0.0
2016-09-26,72.1,63.4,53.0,3,0.0
2016-09-27,74.1,67.1,62.1,55,0.217
2016-09-28,74.8,64.1,56.2,61,0.083
2016-09-29,67.6,62.4,59.2,65,1.374
2016-09-30,61.8,60.1,57.5,63,0.606
2016-10-01,65.1,61.6,58.2,55,0.22
2016-10-02,69.6,64.0,60.9,51,0.047
2016-10-03,72.0,65.4,60.0,51,0.02
2016-10-04,68.7,62.7,56.9,51,0.004
2016-10-05,68.2,61.1,55.1,2,0.0
2016-10-06,72.6,62.6,55.0,3,0.0
2016-10-07,72.7,61.6,52.2,3,0.0
2016-10-08,67.0,62.5,57.6,55,0.236
2016-10-09,63.1,58.5,53.6,63,0.598
2016-10-10,62.7,53.8,47.4,0,0.0
2016-10-11,63.7,53.1,43.3,3,0.0
2016-10-12,67.1,57.0,48.2,3,0.0
2016-10-13,69.9,59.4,51.3,3,0.0
2016-10-14,63.3,55.7,47.1,3,0.0
2016-10-15,65.3,55.2,44.1,3,0.0
2016-10-16,71.0,59.3,49.2,3,0.0
2016-10-17,80.2,67.7,58.0,51,0.016
2016-10-18,81.4,70.3,62.1,0,0.0
2016-10-19,83.6,73.6,67.5,2,0.0
2016-10-20,78.0,69.4,63.1,3,0.0
2016-10-21,76.4,69.0,58.9,61,0.134
2016-10-22,55.4,50.7,47.8,61,0.472
2016-10-23,62.6,53.7,46.8,3,0.0
2016-10-24,62.9,57.4,51.0,2,0.0
2016-10-25,53.8,49.0,43.2,3,0.0
2016-10-26,51.7,44.5,36.6,3,0.0
2016-10-27,57.9,49.7,43.3,61,0.39
2016-10-28,57.4,49.5,42.6,51,0.004
2016-10-29,66.2,52.7,38.6,3,0.0
2016-10-30,78.6,66.8,55.9,63,0.177
2016-10-31,55.3,51.2,47.2,3,0.0
2016-11-01,58.2,49.3,39.3,3,0.0
2016-11-02,71.1,58.3,48.9,3,0.0
2016-11-03,73.8,62.8,56.4,51,0.02
2016-11-04,60.1,54.1,46.7,2,0.0
2016-11-05,62.8,50.7,40.8,0,0.0
2016-11-06,60.6,53.1,46.9,3,0.0
2016-11-07,54.9,46.3,38.2,1,0.0
2016-11-08,66.9,50.7,37.3,3,0.0
2016-11-09,55.1,50.7,46.1,53,0.22
2016-11-10,56.7,48.2,40.9,3,0.0
2016-11-11,61.7,51.6,41.9,2,0.0
2016-11-12,50.1,41.9,35.6,3,0.0
2016-11-13,59.1,45.2,35.9,2,0.0
2016-11-14,60.9,47.3,37.2,3,0.0
2016-11-15,58.9,50.4,44.2,51,0.004
2016-11-16,61.1,48.8,38.0,51,0.024
2016-11-17,60.1,50.3,44.2,0,0.0
2016-11-18,67.7,51.2,40.4,0,0.0
2016-11-19,68.0,52.4,38.3,55,0.091
2016-11-20,43.5,39.1,36.1,53,0.059
2016-11-21,42.0,37.9,35.2,3,0.0
2016-11-22,45.2,38.9,35.1,3,0.0
2016-11-23,48.2,38.0,29.0,3,0.0
2016-11-24,53.5,44.2,36.6,51,0.024
2016-11-25,55.0,47.1,42.6,51,0.067
2016-11-26,49.7,45.0,39.6,53,0.043
2016-11-27,48.5,42.0,38.1,3,0.0
2016-11-28,51.9,41.9,33.5,3,0.0
2016-11-29,59.1,53.8,43.5,63,0.693
2016-11-30,61.8,57.5,53.9,61,0.539
2016-12-01,63.8,52.4,43.1,61,0.126
2016-12-02,49.8,42.9,38.6,3,0.0
2016-12-03,48.8,43.1,38.6,3,0.0
2016-12-04,46.3,41.4,36.8,3,0.0
2016-12-05,49.6,42.8,37.6,73,0.24
2016-12-06,45.3,40.3,35.5,63,0.472
2016-12-07,46.5,42.4,35.8,53,0.079
2016-12-08,45.1,37.4,32.5,3,0.0
2016-12-09,38.6,33.2,29.9,3,0.0
2016-12-10,36.0,31.1,27.3,3,0.0
2016-12-11,33.9,30.1,26.4,71,0.0
2016-12-12,48.8,41.2,32.3,61,0.358
2016-12-13,43.3,36.7,30.8,3,0.0
2016-12-14,41.2,35.3,30.2,51,0.004
2016-12-15,32.1,25.4,19.7,71,0.0
2016-12-16,27.0,21.4,15.7,3,0.0
2016-12-17,40.7,32.3,25.5,75,0.575
2016-12-18,58.0,47.2,32.3,55,0.118
2016-12-19,31.7,29.1,26.3,3,0.0
2016-12-20,34.0,27.0,22.4,3,0.0
2016-12-21,43.7,32.1,25.8,3,0.0
2016-12-22,49.3,37.8,28.3,3,0.0
2016-12-23,45.7,37.3,32.6,3,0.0
2016-12-24,45.8,40.5,35.8,61,0.386
2016-12-25,48.3,38.7,31.1,2,0.0
2016-12-26,47.5,40.3,32.8,3,0.0
2016-12-27,60.7,53.1,43.7,51,0.016
2016-12-28,44.1,39.4,32.3,3,0.0
2016-12-29,44.3,36.1,29.6,73,0.252
2016-12-30,39.6,34.8,31.8,2,0.0
2016-12-31,43.6,35.9,27.7,3,0.0
2017-01-01,48.5,41.8,34.4,3,0.0
2017-01-02,42.7,38.8,32.7,53,0.256
2017-01-03,43.1,41.8,39.4,63,0.394
2017-01-04,51.4,44.2,35.0,51,0.004
2017-01-05,34.6,30.1,24.8,73,0.043
2017-01-06,33.0,29.5,24.3,73,0.087
2017-01-07,24.7,23.0,18.1,73,0.157
2017-01-08,23.4,17.4,13.0,3,0.0
2017-01-09,22.7,14.4,5.2,3,0.0
2017-01-10,37.8,27.1,9.3,51,0.008
2017-01-11,50.9,43.5,36.9,63,0.283
2017-01-12,62.5,55.2,45.2,55,0.142
2017-01-13,58.4,46.9,35.7,53,0.035
2017-01-14,36.0,33.3,29.8,73,0.079
2017-01-15,41.7,33.6,27.9,51,0.004
2017-01-16,43.2,32.5,23.1,53,0.02
2017-01-17,44.5,39.9,35.4,63,0.303
2017-01-18,47.7,42.7,39.2,51,0.016
2017-01-19,51.1,43.1,37.8,3,0.0
2017-01-20,43.8,38.2,30.6,55,0.138
2017-01-21,49.0,44.7,41.5,3,0.0
2017-01-22,52.7,47.2,44.1,51,0.024
2017-01-23,46.9,40.5,36.5,61,0.429
2017-01-24,42.3,38.7,36.0,61,0.449
2017-01-25,52.5,43.8,37.0,3,0.0
2017-01-26,51.7,45.2,41.3,61,0.114
2017-01-27,42.5,39.1,34.2,3,0.0
2017-01-28,41.1,35.4,28.9,3,0.0
2017-01-29,42.4,35.7,29.8,3,0.0
2017-01-30,37.7,32.5,28.0,51,0.004
2017-01-31,42.3,31.6,23.9,73,0.047
2017-02-01,50.0,41.2,29.9,3,0.0
2017-02-02,45.4,37.0,28.4,3,0.0
2017-02-03,34.9,29.7,23.5,3,0.0
2017-02-04,35.2,27.1,20.6,3,0.0
2017-02-05,45.3,35.5,27.1,3,0.0
2017-02-06,51.8,40.4,31.9,3,0.0
2017-02-07,60.0,47.7,39.3,55,0.083
2017-02-08,61.4,55.7,47.8,3,0.0
2017-02-09,45.0,31.0,19.7,75,0.622
2017-02-10,31.1,24.6,17.1,71,0.004
2017-02-11,55.7,40.8,29.9,3,0.0
2017-02-12,42.0,39.0,35.8,55,0.15
2017-02-13,40.7,36.0,30.9,51,0.008
2017-02-14,44.3,33.5,23.3,3,0.0
2017-02-15,50.5,38.2,30.4,51,0.008
2017-02-16,38.0,32.7,26.9,3,0.0
2017-02-17,44.3,32.6,24.8,3,0.0
2017-02-18,62.0,43.7,28.0,3,0.0
2017-02-19,67.0,56.6,50.1,3,0.0
2017-02-20,55.5,47.8,40.4,1,0.0
2017-02-21,51.9,41.1,30.1,3,0.0
2017-02-22,58.2,45.7,38.9,55,0.122
2017-02-23,69.6,54.4,40.7,3,0.0
2017-02-24,71.7,60.4,50.9,3,0.0
2017-02-25,71.3,60.2,47.3,63,0.382
2017-02-26,44.9,39.2,33.5,3,0.0
2017-02-27,54.4,42.1,30.8,3,0.0
2017-02-28,65.3,52.7,42.1,55,0.138
2017-03-01,74.1,61.2,53.8,55,0.138
2017-03-02,59.8,47.6,37.9,51,0.004
2017-03-03,39.3,34.1,29.0,51,0.004
2017-03-04,36.0,27.5,21.3,3,0.0
2017-03-05,38.4,25.1,16.0,0,0.0
2017-03-06,49.5,35.3,22.2,3,0.0
2017-03-07,63.0,50.2,39.4,53,0.134
2017-03-08,61.9,55.0,48.0,51,0.028
2017-03-09,61.7,54.5,47.7,2,0.0
2017-03-10,47.1,38.8,28.8,75,0.272
2017-03-11,30.4,24.9,18.0,3,0.0
2017-03-12,32.9,26.6,20.1,3,0.0
2017-03-13,39.5,28.6,19.4,71,0.016
2017-03-14,33.5,30.3,22.6,75,2.075
2017-03-15,29.3,23.1,16.4,71,0.035
2017-03-16,34.4,27.0,17.9,3,0.0
2017-03-17,41.5,30.4,19.5,3,0.0
2017-03-18,40.8,35.5,25.5,71,0.087
2017-03-19,48.8,39.2,31.8,51,0.004
2017-03-20,52.2,39.8,27.2,3,0.0
2017-03-21,56.8,46.2,40.5,3,0.0
2017-03-22,48.4,36.5,26.5,3,0.0
2017-03-23,44.8,32.1,20.8,0,0.0
2017-03-24,55.8,42.4,28.4,3,0.0
2017-03-25,75.8,57.0,47.0,55,0.126
2017-03-26,46.5,43.8,41.5,3,0.0
2017-03-27,60.6,49.6,41.8,61,0.189
2017-03-28,57.0,50.6,47.6,55,0.303
2017-03-29,60.0,50.8,42.4,3,0.0
2017-03-30,54.1,44.0,34.0,53,0.043
2017-03-31,55.0,44.6,38.3,63,1.169
2017-04-01,53.5,45.4,38.6,51,0.008
2017-04-02,61.5,49.3,37.0,3,0.0
2017-04-03,66.8,53.3,39.1,53,0.024
2017-04-04,71.9,62.2,51.4,63,0.618
2017-04-05,66.7,58.2,48.1,3,0.0
2017-04-06,61.5,50.4,44.5,63,0.673
2017-04-07,50.2,45.6,40.0,51,0.047
2017-04-08,58.1,46.3,36.6,3,0.0
2017-04-09,66.1,50.4,33.5,3,0.0
2017-04-10,76.1,59.9,43.7,3,0.0
2017-04-11,79.2,66.3,55.0,3,0.0
2017-04-12,73.5,64.2,54.8,51,0.004
2017-04-13,65.0,56.0,46.1,3,0.0
2017-04-14,64.8,54.4,45.0,3,0.0
2017-04-15,67.4,57.0,45.2,3,0.0
2017-04-16,82.5,70.1,57.4,3,0.0
2017-04-17,69.8,65.6,57.7,61,0.193
2017-04-18,67.3,56.6,48.4,3,0.0
2017-04-19,62.6,53.1,44.6,3,0.0
2017-04-20,70.1,60.3,53.0,61,0.071
2017-04-21,66.5,56.8,50.8,63,0.559
2017-04-22,55.8,53.6,50.7,55,0.26
2017-04-23,64.0,53.3,43.7,3,0.0
2017-04-24,55.3,51.8,47.8,51,0.004
2017-04-25,54.3,53.0,51.3,63,0.76
2017-04-26,62.7,57.7,53.2,53,0.063
2017-04-27,78.8,65.3,55.8,51,0.02
2017-04-28,81.9,71.7,62.9,3,0.0
2017-04-29,86.4,73.6,63.2,3,0.0
2017-04-30,69.5,64.4,54.3,3,0.0
2017-05-01,80.2,67.7,55.2,51,0.016
2017-05-02,73.3,69.3,62.8,61,0.091
2017-05-03,62.8,58.7,52.2,3,0.0
2017-05-04,63.5,54.3,44.2,3,0.0
2017-05-05,66.7,59.4,52.2,65,1.354
2017-05-06,63.2,60.1,52.2,53,0.079
2017-05-07,55.8,51.2,46.2,51,0.024
2017-05-08,57.5,50.0,41.2,51,0.028
2017-05-09,61.3,52.0,40.9,3,0.0
2017-05-10,66.2,54.7,42.0,3,0.0
2017-05-11,61.8,53.3,46.1,51,0.004
2017-05-12,58.5,53.7,48.7,3,0.0
2017-05-13,51.3,50.1,49.2,63,1.717
2017-05-14,68.1,57.3,44.0,51,0.008
2017-05-15,67.5,59.1,50.0,3,0.0
2017-05-16,76.6,63.6,47.1,3,0.0
2017-05-17,87.3,71.7,55.2,3,0.0
2017-05-18,87.8,78.5,69.4,3,0.0
2017-05-19,87.5,78.0,68.4,51,0.012
2017-05-20,72.1,61.5,56.8,53,0.059
2017-05-21,68.4,59.5,50.8,53,0.039
2017-05-22,65.5,59.5,56.2,63,0.791
2017-05-23,68.6,63.0,58.5,3,0.0
2017-05-24,67.7,61.5,57.5,51,0.024
2017-05-25,71.0,59.5,54.3,63,1.331
2017-05-26,74.0,65.6,57.0,53,0.051
2017-05-27,72.9,65.0,56.2,53,0.035
2017-05-28,75.6,66.0,58.4,53,0.126
2017-05-29,65.5,60.6,57.1,53,0.177
2017-05-30,66.3,60.7,55.8,53,0.087
2017-05-31,75.2,66.8,59.8,51,0.012
2017-06-01,77.4,68.9,57.8,1,0.0
2017-06-02,76.0,66.0,53.7,53,0.059
2017-06-03,74.1,62.6,51.9,51,0.008
2017-06-04,80.9,66.7,51.8,3,0.0
2017-06-05,72.1,68.4,64.5,61,0.244
2017-06-06,65.8,61.7,57.2,61,0.244
2017-06-07,64.3,58.7,51.5,51,0.008
2017-06-08,71.3,61.6,52.0,3,0.0
2017-06-09,77.4,65.5,49.9,3,0.0
2017-06-10,84.8,73.2,58.9,3,0.0
2017-06-11,90.6,78.9,65.9,2,0.0
2017-06-12,92.8,81.2,67.1,1,0.0
2017-06-13,93.8,83.1,71.6,3,0.0
2017-06-14,82.3,76.6,69.6,61,0.098
2017-06-15,82.5,73.0,66.2,3,0.0
2017-06-16,79.3,70.7,63.7,51,0.016
2017-06-17,79.7,72.9,68.7,63,0.681
2017-06-18,86.8,78.3,72.9,63,0.398
2017-06-19,83.5,77.5,71.2,65,1.142
2017-06-20,84.2,76.5,71.3,51,0.008
2017-06-21,83.4,74.8,68.0,51,0.016
2017-06-22,86.1,76.3,65.8,3,0.0
2017-06-23,85.3,77.9,73.9,63,0.24
2017-06-24,85.6,78.8,69.6,63,0.354
2017-06-25,81.4,74.2,65.0,2,0.0
2017-06-26,78.3,71.2,61.7,3,0.0
2017-06-27,76.3,68.9,63.4,61,0.146
2017-06-28,79.9,69.1,57.8,3,0.0
2017-06-29,85.1,74.4,62.3,51,0.008
2017-06-30,89.1,80.1,72.1,3,0.0
2017-07-01,86.5,78.6,72.5,53,0.079
2017-07-02,87.5,79.2,69.7,3,0.0
2017-07-03,90.4,80.3,67.8,53,0.035
2017-07-04,86.3,77.5,70.2,61,0.173
2017-07-05,86.5,77.3,69.9,3,0.0
2017-07-06,76.0,71.3,68.1,61,0.425
2017-07-07,85.1,74.6,67.7,63,1.146
2017-07-08,85.7,76.4,68.0,3,0.0
2017-07-09,83.2,73.8,64.2,1,0.0
2017-07-10,86.1,74.9,64.1,53,0.106
2017-07-11,89.0,79.9,72.8,55,0.075
2017-07-12,91.1,82.0,74.6,61,0.087
2017-07-13,94.7,83.3,76.1,53,0.043
2017-07-14,84.7,76.3,73.3,63,0.72
2017-07-15,87.9,78.0,72.6,51,0.031
2017-07-16,87.3,77.1,66.4,3,0.0
2017-07-17,86.8,77.6,69.8,53,0.043
2017-07-18,90.1,79.4,71.0,51,0.016
2017-07-19,91.2,81.9,73.8,63,0.106
2017-07-20,95.5,84.5,73.9,3,0.0
2017-07-21,93.7,84.9,77.0,3,0.0
2017-07-22,94.7,84.5,74.5,61,0.118
2017-07-23,86.5,78.5,72.5,61,0.217
2017-07-24,86.2,76.7,69.7,63,0.602
2017-07-25,78.1,71.9,67.0,65,0.705
2017-07-26,78.3,71.2,66.7,51,0.035
2017-07-27,81.4,73.6,66.2,53,0.106
2017-07-28,85.9,76.4,69.9,53,0.063
2017-07-29,73.4,69.0,64.3,63,0.709
2017-07-30,81.8,71.3,60.6,0,0.0
2017-07-31,86.0,74.5,61.0,3,0.0
2017-08-01,88.6,77.5,65.9,51,0.012
2017-08-02,83.8,75.6,70.9,61,0.181
2017-08-03,86.4,76.0,68.4,63,0.201
2017-08-04,87.5,77.5,69.1,63,0.244
2017-08-05,80.0,73.7,67.5,63,0.39
2017-08-06,79.5,70.5,61.9,3,0.0
2017-08-07,68.7,67.5,65.7,63,1.878
2017-08-08,78.2,70.6,65.8,51,0.004
2017-08-09,83.0,72.6,62.4,3,0.0
2017-08-10,84.4,73.0,61.9,3,0.0
2017-08-11,82.6,73.4,65.4,53,0.043
2017-08-12,80.3,73.1,69.3,63,0.398
2017-08-13,84.4,74.7,66.5,3,0.0
2017-08-14,82.1,72.8,63.5,53,0.055
2017-08-15,76.2,72.5,70.2,65,1.051
2017-08-16,85.6,75.8,68.1,3,0.0
2017-08-17,85.0,75.9,66.0,51,0.039
2017-08-18,84.7,77.0,73.5,63,0.886
2017-08-19,87.9,79.0,72.0,3,0.0
2017-08-20,85.4,75.6,67.6,0,0.0
2017-08-21,85.9,75.5,64.0,55,0.047
2017-08-22,89.8,80.3,73.1,53,0.059
2017-08-23,84.5,77.2,68.6,53,0.11
2017-08-24,82.4,71.7,63.9,3,0.0
2017-08-25,78.6,70.8,64.3,3,0.0
2017-08-26,77.9,69.8,60.0,3,0.0
2017-08-27,79.0,68.7,60.5,3,0.0
2017-08-28,77.2,68.0,60.2,3,0.0
2017-08-29,66.8,65.1,62.4,61,0.72
2017-08-30,76.4,68.0,60.1,51,0.008
2017-08-31,82.9,72.4,63.5,51,0.004
2017-09-01,71.6,64.1,56.5,3,0.0
2017-09-02,66.2,61.3,56.1,63,0.295
2017-09-03,72.5,66.5,62.5,61,0.177
2017-09-04,80.6,69.7,59.2,2,0.0
2017-09-05,85.8,75.3,68.7,51,0.008
2017-09-06,69.3,65.7,62.3,63,0.811
2017-09-07,72.0,64.9,58.9,51,0.02
2017-09-08,72.0,63.4,56.0,2,0.0
2017-09-09,69.9,61.3,53.2,3,0.0
2017-09-10,73.6,62.9,53.8,3,0.0
2017-09-11,75.9,64.0,51.9,3,0.0
2017-09-12,79.5,67.0,54.7,3,0.0
2017-09-13,79.2,68.9,60.8,61,0.15
2017-09-14,77.2,71.2,64.9,53,0.083
2017-09-15,82.0,72.5,62.6,51,0.008
2017-09-16,83.3,74.0,65.4,51,0.02
2017-09-17,81.3,73.1,68.4,51,0.004
2017-09-18,76.9,71.4,67.1,51,0.024
2017-09-19,81.7,74.0,68.6,55,0.122
2017-09-20,86.5,75.9,68.5,3,0.0
2017-09-21,87.2,77.0,69.7,3,0.0
2017-09-22,86.4,75.3,67.2,3,0.0
2017-09-23,89.2,76.4,67.6,2,0.0
2017-09-24,91.1,78.3,68.4,1,0.0
2017-09-25,91.1,78.3,68.2,3,0.0
2017-09-26,87.6,75.5,68.3,3,0.0
2017-09-27,86.4,77.0,70.8,51,0.004
2017-09-28,79.1,72.4,61.8,0,0.0
2017-09-29,73.2,63.4,55.0,2,0.0
2017-09-30,65.7,60.8,54.5,51,0.008
2017-10-01,68.9,58.2,49.0,0,0.0
2017-10-02,74.2,61.1,50.0,0,0.0
2017-10-03,73.8,61.7,51.0,3,0.0
2017-10-04,75.5,63.0,51.7,3,0.0
2017-10-05,82.1,70.0,59.9,51,0.031
2017-10-06,80.4,71.9,62.8,51,0.016
2017-10-07,83.1,73.8,64.5,3,0.0
2017-10-08,76.2,74.1,72.0,61,0.244
2017-10-09,77.3,74.1,71.7,63,1.039
2017-10-10,84.3,73.6,64.2,3,0.0
2017-10-11,74.7,68.7,64.7,53,0.067
2017-10-12,65.6,61.6,59.1,63,0.5
2017-10-13,63.6,60.7,56.6,3,0.0
2017-10-14,72.8,65.7,61.6,51,0.031
2017-10-15,73.8,67.9,61.0,3,0.0
2017-10-16,71.0,59.7,49.6,53,0.122
2017-10-17,60.3,50.4,42.7,0,0.0
2017-10-18,70.8,56.4,44.9,1,0.0
2017-10-19,69.5,58.1,48.6,3,0.0
2017-10-20,72.6,61.5,53.6,1,0.0
2017-10-21,75.7,60.1,48.3,3,0.0
2017-10-22,74.2,60.9,52.2,3,0.0
2017-10-23,74.8,65.2,55.0,53,0.059
2017-10-24,71.1,68.0,58.2,65,1.047
2017-10-25,64.4,58.3,53.1,3,0.0
2017-10-26,58.5,52.0,46.2,51,0.012
2017-10-27,63.5,51.8,40.8,2,0.0
2017-10-28,69.3,58.6,48.6,3,0.0
2017-10-29,65.9,62.2,60.2,65,2.626
2017-10-30,59.0,51.7,44.9,61,0.295
2017-10-31,57.4,50.1,42.3,1,0.0
2017-11-01,62.8,50.5,39.2,3,0.0
2017-11-02,71.4,61.0,50.5,51,0.004
2017-11-03,74.8,63.1,53.4,3,0.0
2017-11-04,58.6,51.0,45.0,53,0.039
2017-11-05,65.5,57.5,50.1,61,0.209
2017-11-06,67.7,61.7,49.4,51,0.02
2017-11-07,49.0,44.2,40.4,63,0.583
2017-11-08,50.3,43.8,38.2,53,0.043
2017-11-09,55.2,49.1,43.4,3,0.0
2017-11-10,51.6,38.6,26.0,51,0.004
2017-11-11,38.8,29.9,23.1,3,0.0
2017-11-12,45.1,37.2,30.1,3,0.0
2017-11-13,43.7,40.6,35.9,55,0.201
2017-11-14,49.2,41.7,34.8,3,0.0
2017-11-15,50.5,43.5,37.0,3,0.0
2017-11-16,58.8,49.5,43.6,53,0.055
2017-11-17,48.1,42.0,35.2,3,0.0
2017-11-18,55.6,44.4,31.8,51,0.043
2017-11-19,57.9,51.1,40.8,63,0.299
2017-11-20,46.6,40.3,34.8,2,0.0
2017-11-21,56.3,47.2,38.6,3,0.0
2017-11-22,55.3,49.2,36.7,55,0.102
2017-11-23,42.5,34.7,28.9,0,0.0
2017-11-24,49.4,37.7,29.0,0,0.0
2017-11-25,55.6,44.0,33.3,3,0.0
2017-11-26,52.3,44.4,37.3,3,0.0
2017-11-27,51.9,42.8,36.9,3,0.0
2017-11-28,59.5,44.8,34.0,2,0.0
2017-11-29,61.6,50.8,43.3,1,0.0
2017-11-30,54.1,43.9,36.2,51,0.008
2017-12-01,52.4,45.8,39.1,53,0.028
2017-12-02,49.5,40.1,32.6,3,0.0
2017-12-03,52.1,41.6,34.3,3,0.0
2017-12-04,52.3,40.3,29.9,3,0.0
2017-12-05,63.8,53.6,44.1,63,0.264
2017-12-06,57.2,45.0,39.6,53,0.028
2017-12-07,46.3,40.4,35.6,3,0.0
2017-12-08,38.4,35.8,29.9,3,0.0
2017-12-09,35.4,33.0,30.3,73,0.327
2017-12-10,38.0,31.3,27.0,71,0.012
2017-12-11,42.9,33.0,25.6,71,0.008
2017-12-12,44.2,39.2,27.0,53,0.047
2017-12-13,30.8,24.8,19.6,73,0.012
2017-12-14,36.2,30.3,23.4,73,0.063
2017-12-15,28.0,24.6,21.9,73,0.161
2017-12-16,42.1,31.5,23.0,3,0.0
2017-12-17,43.5,35.0,26.9,3,0.0
2017-12-18,50.7,41.1,34.4,3,0.0
2017-12-19,55.8,47.0,39.4,3,0.0
2017-12-20,47.9,42.8,33.0,3,0.0
2017-12-21,41.6,33.2,27.7,2,0.0
2017-12-22,49.8,39.1,28.2,51,0.004
2017-12-23,58.1,48.6,42.4,63,0.72
2017-12-24,42.7,38.3,33.6,71,0.059
2017-12-25,40.6,35.0,27.0,53,0.106
2017-12-26,31.7,26.8,24.3,3,0.0
2017-12-27,28.2,23.2,19.0,71,0.008
2017-12-28,21.5,17.3,13.5,3,0.0
2017-12-29,26.2,18.1,13.8,3,0.0
2017-12-30,29.0,21.0,15.1,73,0.087
2017-12-31,19.5,15.8,10.6,71,0.004
2018-01-01,21.0,13.5,6.8,3,0.0
2018-01-02,25.9,17.6,11.8,1,0.0
2018-01-03,32.2,20.7,10.2,3,0.0
2018-01-04,25.6,23.4,16.2,75,0.48
2018-01-05,16.4,11.8,8.3,2,0.0
2018-01-06,13.7,8.4,4.6,2,0.0
2018-01-07,15.5,5.9,-7.4,3,0.0
2018-01-08,33.7,22.4,12.8,71,0.13
2018-01-09,41.0,33.7,25.1,3,0.0
2018-01-10,38.0,29.1,18.8,3,0.0
2018-01-11,59.1,45.5,33.4,3,0.0
2018-01-12,61.7,58.8,52.6,63,1.083
2018-01-13,60.0,37.6,20.5,63,0.252
2018-01-14,27.2,19.4,14.3,3,0.0
2018-01-15,32.6,24.3,17.4,3,0.0
2018-01-16,44.2,33.3,26.5,3,0.0
2018-01-17,33.7,29.4,20.4,73,0.15
2018-01-18,33.6,23.8,16.4,0,0.0
2018-01-19,44.6,31.8,23.9,3,0.0
2018-01-20,52.5,40.0,30.0,2,0.0
2018-01-21,48.5,40.5,31.9,3,0.0
2018-01-22,56.4,47.1,39.9,51,0.004
2018-01-23,58.7,51.2,44.6,63,0.579
2018-01-24,43.4,40.1,34.0,3,0.0
2018-01-25,36.1,29.3,23.4,3,0.0
2018-01-26,41.0,30.0,22.1,0,0.0
2018-01-27,55.0,42.7,27.5,3,0.0
2018-01-28,53.7,48.7,44.9,55,0.291
2018-01-29,44.1,41.2,37.1,51,0.047
2018-01-30,36.6,32.6,24.5,73,0.161
2018-01-31,32.3,24.3,16.3,3,0.0
2018-02-01,47.7,39.5,30.6,51,0.012
2018-02-02,38.8,29.2,19.9,71,0.244
2018-02-03,32.0,23.9,17.7,3,0.0
2018-02-04,40.4,34.1,27.9,73,0.827
2018-02-05,37.3,31.0,21.8,3,0.0
2018-02-06,41.1,30.0,20.9,3,0.0
2018-02-07,51.9,34.9,23.5,73,0.783
2018-02-08,35.1,28.8,23.5,3,0.0
2018-02-09,39.9,30.2,20.7,3,0.0
2018-02-10,51.6,42.8,33.1,63,0.543
2018-02-11,63.0,53.7,45.2,63,1.803
2018-02-12,61.2,45.1,32.9,53,0.059
2018-02-13,41.4,32.4,23.6,3,0.0
2018-02-14,53.0,40.8,32.5,53,0.031
2018-02-15,58.0,50.9,43.9,61,0.358
2018-02-16,58.9,52.5,40.5,63,0.602
2018-02-17,43.7,34.9,26.1,75,0.488
2018-02-18,47.7,37.1,30.4,71,0.016
2018-02-19,49.3,41.0,29.8,51,0.02
2018-02-20,69.3,56.9,48.7,3,0.0
2018-02-21,74.2,64.6,58.2,55,0.098
2018-02-22,55.0,45.9,39.6,55,0.283
2018-02-23,44.1,40.5,37.7,63,0.224
2018-02-24,50.8,46.8,42.7,61,0.106
2018-02-25,53.5,46.6,43.0,61,0.614
2018-02-26,51.5,46.0,39.1,3,0.0
2018-02-27,56.2,43.7,31.5,2,0.0
2018-02-28,58.6,47.4,38.0,3,0.0
2018-03-01,60.2,49.2,41.2,63,0.358
2018-03-02,45.5,39.4,35.0,75,1.484
2018-03-03,47.6,39.5,35.1,71,0.02
2018-03-04,46.0,38.4,31.3,3,0.0
2018-03-05,43.3,34.7,27.0,3,0.0
2018-03-06,47.7,36.7,25.3,51,0.012
2018-03-07,36.7,34.5,32.3,75,1.248
2018-03-08,38.5,33.0,27.9,3,0.0
2018-03-09,42.4,34.0,27.0,71,0.004
2018-03-10,43.9,34.5,26.3,3,0.0
2018-03-11,46.4,34.4,24.9,3,0.0
2018-03-12,43.9,35.2,26.7,51,0.043
2018-03-13,44.3,36.6,31.6,71,0.075
2018-03-14,41.5,33.8,26.8,71,0.008
2018-03-15,46.8,37.0,29.9,51,0.016
2018-03-16,40.3,34.7,28.8,71,0.008
2018-03-17,49.1,36.3,25.4,3,0.0
2018-03-18,48.7,37.5,27.7,0,0.0
2018-03-19,50.6,39.8,30.9,3,0.0
2018-03-20,35.1,32.8,30.3,75,0.295
2018-03-21,35.4,33.2,32.1,75,0.791
2018-03-22,44.9,36.7,31.5,73,0.059
2018-03-23,47.4,36.9,26.9,3,0.0
2018-03-24,49.2,38.3,27.2,3,0.0
2018-03-25,46.7,36.1,26.4,73,0.083
2018-03-26,47.5,36.8,28.1,0,0.0
2018-03-27,47.4,37.8,27.4,51,0.035
2018-03-28,46.9,42.7,37.5,51,0.114
2018-03-29,71.9,55.3,45.5,51,0.012
2018-03-30,64.9,57.9,44.6,55,0.173
2018-03-31,56.8,45.5,33.3,2,0.0
2018-04-01,61.4,50.5,43.2,3,0.0
2018-04-02,48.3,40.0,33.4,75,0.425
2018-04-03,53.2,42.8,33.3,53,0.13
2018-04-04,67.3,52.0,40.9,63,0.224
2018-04-05,45.0,38.5,31.9,3,0.0
2018-04-06,59.5,46.5,33.1,71,0.02
2018-04-07,53.8,43.8,39.3,51,0.004
2018-04-08,45.0,37.5,29.7,3,0.0
2018-04-09,45.9,37.3,29.9,51,0.008
2018-04-10,49.8,41.4,34.7,51,0.028
2018-04-11,49.8,40.3,28.2,3,0.0
2018-04-12,67.0,54.6,40.1,51,0.008
2018-04-13,79.3,67.3,57.1,3,0.0
2018-04-14,80.4,69.0,51.3,3,0.0
2018-04-15,50.6,44.7,38.8,61,0.11
2018-04-16,68.6,52.8,41.4,65,1.539
2018-04-17,45.8,42.1,37.8,51,0.004
2018-04-18,55.6,44.5,33.4,3,0.0
2018-04-19,52.0,45.7,39.4,55,0.213
2018-04-20,53.6,43.1,34.2,2,0.0
2018-04-21,58.3,46.2,33.4,3,0.0
2018-04-22,63.1,50.9,37.2,3,0.0
2018-04-23,68.1,52.9,39.7,3,0.0
2018-04-24,64.0,52.6,40.1,55,0.098
2018-04-25,64.6,58.2,52.1,63,0.87
2018-04-26,66.3,57.2,46.4,51,0.008
2018-04-27,59.2,54.7,50.7,63,0.315
2018-04-28,71.0,58.4,47.4,63,0.323
2018-04-29,56.1,50.8,45.2,53,0.071
2018-04-30,63.2,50.6,41.5,71,0.016
2018-05-01,75.8,59.3,40.5,3,0.0
2018-05-02,84.7,69.5,50.7,3,0.0
2018-05-03,86.0,73.8,60.3,3,0.0
2018-05-04,86.3,75.1,64.6,51,0.012
2018-05-05,71.4,66.7,60.4,51,0.012
2018-05-06,67.3,61.3,56.6,53,0.055
2018-05-07,72.8,62.6,53.3,3,0.0
2018-05-08,74.1,61.9,51.6,2,0.0
2018-05-09,76.3,63.2,49.2,3,0.0
2018-05-10,79.2,64.2,50.2,61,0.091
2018-05-11,75.7,67.1,58.6,3,0.0
2018-05-12,78.0,63.5,54.9,63,0.579
2018-05-13,57.7,55.8,54.1,55,0.205
2018-05-14,76.5,63.1,54.0,51,0.008
2018-05-15,85.7,73.0,63.4,63,0.327
2018-05-16,68.1,63.1,58.8,61,0.52
2018-05-17,66.3,61.4,58.0,65,1.256
2018-05-18,64.4,59.4,53.4,53,0.161
2018-05-19,67.9,57.8,52.0,63,0.874
2018-05-20,81.7,71.8,67.1,63,0.264
2018-05-21,76.6,67.2,57.8,3,0.0
2018-05-22,70.0,62.1,57.7,63,0.488
2018-05-23,79.1,69.2,58.3,63,0.114
2018-05-24,80.4,70.2,59.1,0,0.0
2018-05-25,82.8,72.2,60.3,3,0.0
2018-05-26,85.3,75.9,68.4,63,0.362
2018-05-27,72.0,67.3,59.6,65,1.094
2018-05-28,70.9,63.1,57.0,3,0.0
2018-05-29,85.0,73.2,64.3,3,0.0
2018-05-30,78.9,70.6,63.8,51,0.004
2018-05-31,80.0,70.6,62.8,61,0.201
2018-06-01,83.2,75.2,69.7,61,0.236
2018-06-02,81.6,75.1,70.1,63,0.453
2018-06-03,71.2,62.1,54.9,65,1.039
2018-06-04,72.7,62.6,54.0,55,0.13
2018-06-05,75.8,66.2,55.0,53,0.051
2018-06-06,71.2,63.8,59.1,51,0.031
2018-06-07,74.3,65.7,58.2,51,0.004
2018-06-08,80.4,69.6,58.5,51,0.004
2018-06-09,82.3,72.6,64.8,61,0.126
2018-06-10,68.8,65.7,58.3,63,0.89
2018-06-11,69.3,61.3,55.9,63,0.921
2018-06-12,75.0,63.5,51.9,3,0.0
2018-06-13,77.7,69.6,60.2,61,0.205
2018-06-14,80.8,73.8,66.3,3,0.0
2018-06-15,77.0,68.7,59.3,3,0.0
2018-06-16,81.9,70.8,57.6,3,0.0
2018-06-17,87.0,75.7,62.2,3,0.0
2018-06-18,89.4,79.2,67.7,51,0.016
2018-06-19,87.1,79.7,70.4,63,0.177
2018-06-20,86.4,74.9,64.6,51,0.008
2018-06-21,82.0,74.1,68.4,51,0.059
2018-06-22,71.8,69.5,64.8,51,0.008
2018-06-23,78.9,69.6,63.6,63,0.728
2018-06-24,85.6,75.3,66.5,61,0.181
2018-06-25,80.2,72.7,65.7,3,0.0
2018-06-26,78.8,69.5,59.1,3,0.0
2018-06-27,74.5,69.2,60.7,53,0.087
2018-06-28,85.3,76.4,70.2,63,0.386
2018-06-29,88.2,78.6,69.6,3,0.0
2018-06-30,92.1,80.7,67.9,3,0.0
2018-07-01,93.6,83.0,72.8,3,0.0
2018-07-02,94.1,83.2,71.4,2,0.0
2018-07-03,93.0,83.1,75.3,61,0.122
2018-07-04,90.5,81.8,75.0,51,0.02
2018-07-05,87.0,80.8,74.7,53,0.059
2018-07-06,80.1,77.5,72.7,63,0.358
2018-07-07,78.1,70.0,62.5,3,0.0
2018-07-08,82.1,70.6,57.7,0,0.0
2018-07-09,85.9,73.7,60.0,0,0.0
2018-07-10,92.8,79.8,64.9,1,0.0
2018-07-11,91.2,81.3,71.2,3,0.0
2018-07-12,82.9,74.8,67.6,53,0.087
2018-07-13,86.5,75.8,64.7,51,0.004
2018-07-14,88.5,78.0,66.7,2,0.0
2018-07-15,85.2,76.9,72.3,53,0.087
2018-07-16,92.1,81.1,71.7,61,0.118
2018-07-17,87.1,79.1,74.8,63,0.654
2018-07-18,87.0,77.3,67.2,3,0.0
2018-07-19,84.4,74.2,62.2,0,0.0
2018-07-20,85.2,74.5,64.7,3,0.0
2018-07-21,73.8,68.5,63.6,63,0.791
2018-07-22,84.7,75.3,68.6,63,0.441
2018-07-23,81.9,76.9,72.8,63,0.693
2018-07-24,84.6,77.4,73.1,55,0.327
2018-07-25,81.6,75.2,72.0,63,1.22
2018-07-26,86.7,77.2,70.5,53,0.067
2018-07-27,87.0,77.5,69.5,61,0.118
2018-07-28,84.7,76.5,69.9,53,0.118
2018-07-29,84.0,74.7,66.2,3,0.0
2018-07-30,78.4,71.4,64.7,53,0.063
2018-07-31,80.2,72.9,64.7,51,0.055
2018-08-01,86.3,78.4,72.4,61,0.378
2018-08-02,84.9,78.3,74.2,61,0.35
2018-08-03,83.3,77.5,74.3,61,0.358
2018-08-04,86.1,77.5,72.0,63,0.559
2018-08-05,88.1,79.6,69.8,2,0.0
2018-08-06,88.8,80.7,71.3,51,0.012
2018-08-07,88.4,79.8,75.1,63,0.39
2018-08-08,88.8,80.3,73.2,51,0.02
2018-08-09,86.4,79.4,73.8,63,0.217
2018-08-10,86.5,78.7,69.6,3,0.0
2018-08-11,80.2,76.1,72.1,63,0.476
2018-08-12,82.7,75.9,71.0,53,0.094
2018-08-13,80.4,74.4,69.4,61,0.602
2018-08-14,80.7,73.0,67.7,61,0.15
2018-08-15,87.5,77.7,69.1,51,0.008
2018-08-16,88.2,79.7,70.6,3,0.0
2018-08-17,89.0,81.5,74.0,51,0.028
2018-08-18,85.8,78.2,73.3,63,0.583
2018-08-19,73.3,70.3,67.9,61,0.378
2018-08-20,76.1,71.7,66.7,51,0.016
2018-08-21,78.0,72.4,66.7,63,0.547
2018-08-22,82.8,76.0,70.9,61,0.331
2018-08-23,77.1,70.7,64.3,1,0.0
2018-08-24,81.6,71.6,59.5,2,0.0
2018-08-25,79.3,71.5,63.8,3,0.0
2018-08-26,85.1,74.0,62.7,3,0.0
2018-08-27,90.2,79.7,69.3,3,0.0
2018-08-28,92.7,82.8,73.4,51,0.008
2018-08-29,91.7,84.0,76.3,1,0.0
2018-08-30,88.4,82.4,76.5,51,0.012
2018-08-31,78.3,74.4,69.8,63,0.461
2018-09-01,78.8,72.6,69.0,53,0.177
2018-09-02,84.4,74.5,67.1,61,0.106
2018-09-03,86.2,78.6,71.4,51,0.02
2018-09-04,91.1,81.4,72.5,51,0.012
2018-09-05,90.1,81.1,73.5,1,0.0
2018-09-06,90.6,82.2,76.1,53,0.047
2018-09-07,81.9,75.7,71.5,63,0.496
2018-09-08,71.4,66.9,60.0,63,0.846
2018-09-09,62.5,59.2,56.1,63,1.5
2018-09-10,69.7,64.0,60.2,63,0.689
2018-09-11,77.6,69.4,63.0,55,0.138
2018-09-12,80.5,74.2,70.7,61,0.213
2018-09-13,78.8,73.5,71.2,51,0.008
2018-09-14,75.8,72.3,69.9,51,0.012
2018-09-15,78.9,72.4,66.0,51,0.008
2018-09-16,82.3,72.5,64.5,3,0.0
2018-09-17,80.3,72.6,66.0,63,0.524
2018-09-18,76.4,73.9,70.0,65,1.626
2018-09-19,82.7,73.6,66.8,3,0.0
2018-09-20,74.6,70.0,66.6,53,0.071
2018-09-21,79.1,71.5,66.2,3,0.0
2018-09-22,73.8,70.0,61.7,51,0.012
2018-09-23,63.8,61.0,59.3,61,0.531
2018-09-24,67.1,63.4,61.1,55,0.201
2018-09-25,77.4,69.0,60.8,63,0.937
2018-09-26,83.5,75.2,69.5,63,0.362
2018-09-27,71.9,65.4,61.7,63,0.201
2018-09-28,70.1,65.1,57.6,63,0.677
2018-09-29,75.4,64.6,55.6,2,0.0
2018-09-30,72.4,62.8,53.7,3,0.0
2018-10-01,77.9,68.3,58.9,3,0.0
2018-10-02,80.7,71.9,64.0,63,0.287
2018-10-03,77.0,69.9,61.6,53,0.051
2018-10-04,82.8,71.4,60.5,53,0.043
2018-10-05,72.2,64.3,60.2,61,0.165
2018-10-06,72.8,67.6,63.3,3,0.0
2018-10-07,81.0,73.5,68.8,3,0.0
2018-10-08,75.9,71.2,66.7,53,0.091
2018-10-09,79.8,73.3,69.0,51,0.039
2018-10-10,81.0,74.1,69.9,51,0.016
2018-10-11,80.2,74.0,71.1,65,1.425
2018-10-12,70.9,60.8,51.6,63,0.335
2018-10-13,57.1,52.2,48.2,55,0.13
2018-10-14,56.9,51.0,45.0,3,0.0
2018-10-15,68.2,61.4,50.4,61,0.362
2018-10-16,64.8,54.2,49.5,53,0.063
2018-10-17,63.0,53.9,47.0,3,0.0
2018-10-18,51.1,46.0,41.5,2,0.0
2018-10-19,59.2,49.7,39.7,3,0.0
2018-10-20,64.5,56.6,49.4,63,0.307
2018-10-21,50.5,46.2,40.5,51,0.012
2018-10-22,53.2,44.5,37.3,3,0.0
2018-10-23,65.7,54.0,44.3,3,0.0
2018-10-24,54.1,48.0,42.7,3,0.0
2018-10-25,52.1,44.0,37.4,3,0.0
2018-10-26,50.5,43.7,35.1,61,0.11
2018-10-27,53.5,49.6,46.7,63,0.917
2018-10-28,55.5,49.1,43.2,53,0.043
2018-10-29,57.6,51.1,46.1,51,0.031
2018-10-30,57.6,47.7,41.3,0,0.0
2018-10-31,66.5,53.8,40.8,3,0.0
2018-11-01,71.1,62.1,53.2,3,0.0
2018-11-02,70.9,67.8,65.4,61,0.283
2018-11-03,66.1,54.2,47.9,65,0.543
2018-11-04,54.3,46.4,38.8,3,0.0
2018-11-05,56.1,51.5,44.1,63,0.543
2018-11-06,64.8,56.2,51.0,63,0.669
2018-11-07,64.0,55.7,47.0,3,0.0
2018-11-08,56.2,50.1,44.0,3,0.0
2018-11-09,52.9,46.0,39.6,63,0.72
2018-11-10,49.3,41.8,34.0,51,0.02
2018-11-11,46.3,36.7,29.5,0,0.0
2018-11-12,48.1,40.2,33.2,55,0.079
2018-11-13,50.1,46.1,42.7,61,0.626
2018-11-14,42.9,39.1,34.6,3,0.0
2018-11-15,41.5,33.8,31.6,75,0.732
2018-11-16,45.7,40.3,34.7,75,0.524
2018-11-17,48.7,39.8,33.7,3,0.0
2018-11-18,48.7,39.5,31.4,3,0.0
2018-11-19,53.7,43.4,34.6,3,0.0
2018-11-20,49.4,43.9,38.4,53,0.035
2018-11-21,47.5,38.9,31.1,51,0.004
2018-11-22,35.1,25.2,20.6,3,0.0
2018-11-23,32.1,23.7,17.1,3,0.0
2018-11-24,51.3,39.0,26.0,65,1.398
2018-11-25,56.4,45.8,38.4,65,0.567
2018-11-26,53.3,46.8,40.0,65,1.028
2018-11-27,42.9,39.2,34.0,3,0.0
2018-11-28,39.9,35.7,33.2,3,0.0
2018-11-29,43.5,36.5,32.1,3,0.0
2018-11-30,43.2,37.4,30.3,51,0.004
2018-12-01,46.8,38.9,30.9,55,0.142
2018-12-02,58.6,53.8,43.5,61,0.362
2018-12-03,55.9,52.1,44.7,3,0.0
2018-12-04,44.1,38.0,30.2,3,0.0
2018-12-05,35.8,29.7,24.2,71,0.02
2018-12-06,39.8,33.5,26.4,3,0.0
2018-12-07,39.0,33.7,24.2,2,0.0
2018-12-08,36.6,28.1,21.8,3,0.0
2018-12-09,34.7,29.2,24.8,3,0.0
2018-12-10,39.7,30.4,24.9,3,0.0
2018-12-11,40.5,29.6,22.3,2,0.0
2018-12-12,43.1,34.1,28.0,3,0.0
2018-12-13,47.9,38.2,30.2,3,0.0
2018-12-14,53.2,44.0,34.8,53,0.091
2018-12-15,51.3,48.0,45.5,61,0.646
2018-12-16,46.4,41.3,38.2,63,0.87
2018-12-17,48.4,41.7,36.4,3,0.0
2018-12-18,40.3,35.4,26.3,3,0.0
2018-12-19,42.2,31.0,22.7,3,0.0
2018-12-20,57.2,38.8,29.0,63,0.594
2018-12-21,63.0,58.6,54.2,63,1.091
2018-12-22,52.6,43.9,38.0,61,0.098
2018-12-23,44.9,39.1,33.4,3,0.0
2018-12-24,45.1,39.2,34.2,51,0.024
2018-12-25,41.4,34.6,29.3,3,0.0
2018-12-26,44.9,34.4,27.0,3,0.0
2018-12-27,45.0,36.1,27.6,3,0.0
2018-12-28,59.2,52.0,41.3,63,1.65
2018-12-29,53.6,48.0,36.8,3,0.0
2018-12-30,45.2,37.2,30.9,3,0.0
2018-12-31,46.3,39.3,30.5,63,0.803
2019-01-01,61.0,52.8,42.5,61,0.169
2019-01-02,44.4,40.3,35.2,3,0.0
2019-01-03,45.8,41.3,31.7,3,0.0
2019-01-04,47.3,37.7,28.9,51,0.008
2019-01-05,45.9,43.7,40.4,61,0.575
2019-01-06,49.2,42.3,36.3,3,0.0
2019-01-07,35.8,31.3,24.4,71,0.008
2019-01-08,48.8,40.6,31.6,55,0.098
2019-01-09,47.8,41.6,32.7,61,0.106
2019-01-10,35.4,31.9,29.1,3,0.0
2019-01-11,32.9,27.2,23.1,3,0.0
2019-01-12,34.9,27.3,21.6,73,0.039
2019-01-13,32.1,28.4,26.3,73,0.142
2019-01-14,35.2,26.5,21.3,3,0.0
2019-01-15,39.7,28.4,22.8,3,0.0
2019-01-16,38.9,31.5,23.5,3,0.0
2019-01-17,33.8,29.3,24.0,71,0.012
2019-01-18,41.8,33.1,28.0,73,0.067
2019-01-19,38.2,33.4,25.4,73,0.189
2019-01-20,52.0,36.5,16.0,63,1.122
2019-01-21,16.5,12.0,5.8,1,0.0
2019-01-22,32.5,20.9,12.6,3,0.0
2019-01-23,50.1,37.3,26.1,51,0.004
2019-01-24,58.6,49.5,32.9,63,1.429
2019-01-25,37.9,31.7,24.8,3,0.0
2019-01-26,35.8,27.2,19.6,3,0.0
2019-01-27,48.3,34.9,23.6,3,0.0
2019-01-28,36.4,29.1,23.4,3,0.0
2019-01-29,44.5,31.8,22.3,73,0.244
2019-01-30,34.1,21.0,7.7,71,0.008
2019-01-31,19.6,11.7,4.8,1,0.0
2019-02-01,21.3,16.6,13.2,71,0.063
2019-02-02,35.8,22.5,13.6,3,0.0
2019-02-03,52.3,34.3,22.7,3,0.0
2019-02-04,57.7,39.8,27.3,2,0.0
2019-02-05,65.7,45.4,30.5,3,0.0
2019-02-06,50.8,40.4,30.7,61,0.193
2019-02-07,49.6,43.2,37.6,61,0.201
2019-02-08,51.3,42.9,32.5,53,0.091
2019-02-09,33.2,27.4,23.2,3,0.0
2019-02-10,37.9,28.1,19.5,71,0.004
2019-02-11,35.4,31.6,28.4,73,0.268
2019-02-12,40.0,34.3,30.5,73,1.012
2019-02-13,41.5,37.2,31.7,55,0.118
2019-02-14,48.7,37.1,28.0,3,0.0
2019-02-15,59.8,49.7,39.2,51,0.004
2019-02-16,49.5,38.8,31.3,3,0.0
2019-02-17,39.8,31.6,22.6,61,0.11
2019-02-18,45.6,38.0,31.2,53,0.185
2019-02-19,38.0,30.4,24.1,3,0.0
2019-02-20,32.9,29.9,27.4,75,0.465
2019-02-21,52.9,40.6,32.9,55,0.051
2019-02-22,45.9,40.2,34.6,3,0.0
2019-02-23,43.2,36.5,30.1,51,0.043
2019-02-24,55.0,45.3,37.4,63,0.567
2019-02-25,43.9,36.9,31.7,3,0.0
2019-02-26,42.2,32.7,24.7,3,0.0
2019-02-27,39.5,31.0,23.8,3,0.0
2019-02-28,39.0,33.5,28.0,3,0.0
2019-03-01,37.1,31.5,27.4,75,0.244
2019-03-02,40.4,34.3,29.8,75,0.476
2019-03-03,43.1,34.6,25.8,75,0.508
2019-03-04,36.0,32.5,23.2,75,0.35
2019-03-05,32.3,20.0,2.6,2,0.0
2019-03-06,24.9,20.5,13.6,3,0.0
2019-03-07,35.2,25.4,16.2,71,0.012
2019-03-08,41.9,31.1,22.5,51,0.004
2019-03-09,48.4,36.8,25.9,3,0.0
2019-03-10,59.5,45.5,34.2,63,0.709
2019-03-11,55.8,47.3,40.3,3,0.0
2019-03-12,44.8,38.5,31.1,1,0.0
2019-03-13,50.8,38.5,25.7,3,0.0
2019-03-14,65.2,49.8,35.8,3,0.0
2019-03-15,71.6,62.6,55.9,63,0.492
2019-03-16,56.0,45.5,38.2,3,0.0
2019-03-17,44.4,36.7,28.5,2,0.0
2019-03-18,45.8,36.2,28.8,3,0.0
2019-03-19,49.1,37.8,25.8,3,0.0
2019-03-20,52.4,41.1,30.0,3,0.0
2019-03-21,50.8,45.3,39.5,63,1.106
2019-03-22,51.1,44.7,39.0,61,0.327
2019-03-23,49.9,40.8,33.4,3,0.0
2019-03-24,59.3,45.6,28.3,3,0.0
2019-03-25,53.3,46.9,39.3,61,0.244
2019-03-26,47.9,39.0,28.5,3,0.0
2019-03-27,49.3,37.6,25.6,3,0.0
2019-03-28,56.1,41.8,27.7,3,0.0
2019-03-29,59.9,50.8,41.5,51,0.004
2019-03-30,72.8,58.4,44.6,3,0.0
2019-03-31,61.5,53.5,38.9,61,0.173
2019-04-01,45.9,37.8,30.5,2,0.0
2019-04-02,52.9,41.1,30.1,51,0.039
2019-04-03,63.9,49.8,34.5,51,0.008
2019-04-04,61.2,50.1,37.7,3,0.0
2019-04-05,47.4,43.1,39.1,53,0.118
2019-04-06,66.5,51.9,41.8,51,0.012
2019-04-07,70.7,56.0,42.3,51,0.004
2019-04-08,77.4,64.3,54.2,61,0.22
2019-04-09,72.1,62.8,54.2,53,0.055
2019-04-10,61.3,53.9,46.0,3,0.0
2019-04-11,57.2,47.6,39.1,3,0.0
2019-04-12,73.3,58.6,45.0,63,0.315
2019-04-13,74.8,65.5,60.3,63,0.244
2019-04-14,74.4,64.9,55.0,53,0.114
2019-04-15,68.7,57.4,46.1,65,0.988
2019-04-16,64.4,52.4,41.8,3,0.0
2019-04-17,61.2,54.0,48.1,61,0.083
2019-04-18,77.4,62.8,49.4,3,0.0
2019-04-19,75.7,67.6,62.7,63,0.374
2019-04-20,70.1,65.4,57.5,63,0.469
2019-04-21,66.5,60.3,53.2,51,0.016
2019-04-22,66.8,59.1,52.2,55,0.114
2019-04-23,76.3,64.0,50.6,3,0.0
2019-04-24,69.3,62.4,53.3,51,0.004
2019-04-25,66.1,57.5,50.1,3,0.0
2019-04-26,69.6,59.5,52.7,63,0.646
2019-04-27,63.5,56.1,49.4,51,0.004
2019-04-28,64.1,53.2,46.0,53,0.031
2019-04-29,61.7,50.2,37.0,51,0.012
2019-04-30,70.9,59.8,49.9,53,0.039
2019-05-01,62.9,56.2,52.3,51,0.004
2019-05-02,81.8,64.1,52.6,61,0.142
2019-05-03,69.3,59.3,51.8,51,0.016
2019-05-04,71.5,62.4,55.0,53,0.157
2019-05-05,61.3,56.6,52.5,63,1.543
2019-05-06,70.2,60.5,50.5,51,0.016
2019-05-07,74.8,62.1,49.9,61,0.071
2019-05-08,68.1,61.8,56.3,53,0.059
2019-05-09,65.6,59.2,54.3,51,0.028
2019-05-10,75.9,67.2,58.2,51,0.008
2019-05-11,69.3,63.4,55.0,61,0.098
2019-05-12,54.5,50.7,46.7,63,1.02
2019-05-13,52.7,48.3,46.4,63,0.567
2019-05-14,56.8,50.7,45.3,51,0.035
2019-05-15,68.9,55.8,42.3,2,0.0
2019-05-16,69.7,60.6,48.7,51,0.008
2019-05-17,80.3,67.4,56.5,51,0.012
2019-05-18,77.7,66.7,57.0,3,0.0
2019-05-19,84.2,70.4,58.5,3,0.0
2019-05-20,83.1,76.0,71.2,55,0.051
2019-05-21,70.7,63.6,55.6,3,0.0
2019-05-22,71.9,62.5,50.0,3,0.0
2019-05-23,76.9,67.5,60.1,53,0.169
2019-05-24,80.2,71.7,65.1,3,0.0
2019-05-25,72.8,64.5,55.8,3,0.0
2019-05-26,87.2,74.5,63.0,51,0.024
2019-05-27,80.2,72.0,64.0,3,0.0
2019-05-28,81.1,70.0,59.7,65,1.291
2019-05-29,85.3,74.7,65.6,63,0.315
2019-05-30,78.3,71.5,64.1,63,0.244
2019-05-31,80.7,72.6,64.7,51,0.004
2019-06-01,82.3,71.9,60.6,3,0.0
2019-06-02,79.9,70.6,63.6,61,0.197
2019-06-03,69.3,63.4,55.8,2,0.0
2019-06-04,71.3,61.7,50.6,3,0.0
2019-06-05,84.8,71.5,61.7,63,0.531
2019-06-06,81.7,74.2,67.9,61,0.236
2019-06-07,81.5,72.2,64.0,3,0.0
2019-06-08,80.1,70.6,62.4,3,0.0
2019-06-09,77.3,67.8,59.7,3,0.0
2019-06-10,73.9,68.3,60.8,61,0.665
2019-06-11,76.4,69.7,62.2,61,0.228
2019-06-12,74.5,66.2,57.6,3,0.0
2019-06-13,75.0,66.0,59.6,65,1.398
2019-06-14,72.9,64.4,56.8,3,0.0
2019-06-15,80.0,68.8,54.8,3,0.0
2019-06-16,83.6,73.4,67.9,63,0.398
2019-06-17,81.2,74.1,68.8,65,1.039
2019-06-18,80.2,73.5,69.3,63,0.453
2019-06-19,78.5,73.1,70.2,63,0.701
2019-06-20,82.8,76.0,70.4,63,0.441
2019-06-21,77.6,72.1,67.5,61,0.264
2019-06-22,77.5,70.0,61.5,3,0.0
2019-06-23,82.0,71.3,59.5,3,0.0
2019-06-24,83.1,73.4,59.8,3,0.0
2019-06-25,86.2,77.5,71.3,61,0.146
2019-06-26,88.2,78.1,65.8,3,0.0
2019-06-27,90.0,79.9,69.6,3,0.0
2019-06-28,90.4,79.2,68.1,3,0.0
2019-06-29,90.1,79.2,71.4,63,0.169
2019-06-30,87.0,78.3,71.3,3,0.0
2019-07-01,85.2,74.1,62.6,3,0.0
2019-07-02,92.2,79.1,67.0,61,0.098
2019-07-03,86.6,79.2,71.5,51,0.047
2019-07-04,87.0,79.4,72.5,63,0.217
2019-07-05,85.7,78.4,73.1,63,0.15
2019-07-06,84.5,79.1,74.4,63,0.358
2019-07-07,84.5,78.0,73.5,63,0.406
2019-07-08,75.2,72.1,70.0,63,0.433
2019-07-09,87.3,76.8,65.4,3,0.0
2019-07-10,88.5,78.9,69.6,3,0.0
2019-07-11,86.3,77.1,69.7,63,0.563
2019-07-12,87.2,78.0,71.0,53,0.024
2019-07-13,87.4,77.3,67.1,3,0.0
2019-07-14,89.4,80.1,70.2,51,0.016
2019-07-15,86.9,76.6,66.5,3,0.0
2019-07-16,91.8,79.6,65.9,53,0.028
2019-07-17,94.6,83.4,75.5,63,0.354
2019-07-18,86.8,79.6,75.9,63,0.24
2019-07-19,93.4,82.9,74.0,3,0.0
2019-07-20,94.2,86.1,78.0,53,0.035
2019-07-21,96.8,87.2,77.6,3,0.0
2019-07-22,90.1,81.9,76.0,63,0.417
2019-07-23,76.6,72.2,68.3,61,0.441
2019-07-24,83.4,74.6,64.6,51,0.016
2019-07-25,84.9,74.6,64.4,1,0.0
2019-07-26,86.0,75.9,63.9,1,0.0
2019-07-27,86.1,77.2,67.7,1,0.0
2019-07-28,91.5,80.4,71.6,3,0.0
2019-07-29,90.4,80.6,70.3,3,0.0
2019-07-30,91.8,83.0,74.3,1,0.0
2019-07-31,85.8,78.3,72.5,63,0.531
2019-08-01,82.1,77.1,71.5,63,0.28
2019-08-02,84.5,76.4,68.1,55,0.059
2019-08-03,85.9,77.0,70.2,53,0.083
2019-08-04,87.5,79.2,70.6,51,0.02
2019-08-05,86.2,77.7,70.7,51,0.008
2019-08-06,83.5,76.9,70.6,63,0.165
2019-08-07,84.7,76.1,69.1,63,0.547
2019-08-08,86.2,76.5,67.5,53,0.024
2019-08-09,86.4,77.2,67.9,3,0.0
2019-08-10,83.8,74.6,65.1,3,0.0
2019-08-11,82.1,72.4,62.1,3,0.0
2019-08-12,89.2,75.0,60.6,3,0.0
2019-08-13,78.7,75.9,73.8,61,0.264
2019-08-14,80.2,74.8,71.2,55,0.24
2019-08-15,83.6,75.9,70.5,51,0.035
2019-08-16,83.8,75.7,68.7,51,0.016
2019-08-17,88.9,79.5,71.8,3,0.0
2019-08-18,88.7,79.8,72.9,63,0.248
2019-08-19,90.1,81.0,73.8,55,0.047
2019-08-20,90.8,80.9,71.2,3,0.0
2019-08-21,89.3,80.8,75.1,51,0.047
2019-08-22,91.8,82.1,72.8,61,0.091
2019-08-23,75.4,69.7,66.0,63,0.567
2019-08-24,76.8,68.5,60.1,3,0.0
2019-08-25,76.4,68.3,61.6,51,0.004
2019-08-26,77.3,66.7,59.6,3,0.0
2019-08-27,77.4,68.3,61.2,3,0.0
2019-08-28,78.4,71.2,65.3,61,0.094
2019-08-29,82.9,73.1,65.6,2,0.0
2019-08-30,87.5,74.8,62.1,3,0.0
2019-08-31,85.5,75.7,66.5,3,0.0
2019-09-01,84.3,73.0,64.9,3,0.0
2019-09-02,81.0,73.0,67.0,61,0.331
2019-09-03,83.7,74.2,65.4,51,0.012
2019-09-04,89.4,77.5,67.3,51,0.012
2019-09-05,78.6,72.0,64.8,3,0.0
2019-09-06,70.0,66.4,61.2,53,0.079
2019-09-07,79.4,67.1,56.7,3,0.0
2019-09-08,82.0,70.4,59.3,3,0.0
2019-09-09,80.5,71.3,63.6,51,0.004
2019-09-10,83.6,72.5,62.7,3,0.0
2019-09-11,90.1,77.6,67.1,3,0.0
2019-09-12,86.7,76.9,67.0,61,0.169
2019-09-13,70.4,66.0,62.2,51,0.012
2019-09-14,79.5,70.4,62.8,3,0.0
2019-09-15,84.3,73.8,66.7,53,0.098
2019-09-16,83.9,73.4,62.1,3,0.0
2019-09-17,78.3,70.1,63.4,51,0.008
2019-09-18,71.9,63.7,56.8,51,0.004
2019-09-19,70.2,60.8,52.5,0,0.0
2019-09-20,78.9,64.0,50.5,3,0.0
2019-09-21,84.2,69.3,55.4,2,0.0
2019-09-22,87.1,74.2,62.0,3,0.0
2019-09-23,90.0,79.3,71.2,3,0.0
2019-09-24,79.6,71.6,63.3,63,0.24
2019-09-25,80.9,68.3,55.5,3,0.0
2019-09-26,85.1,70.4,61.4,3,0.0
2019-09-27,78.3,67.3,55.0,3,0.0
2019-09-28,84.8,72.9,62.0,63,0.173
2019-09-29,84.7,74.6,67.6,51,0.008
2019-09-30,74.2,67.9,63.4,51,0.012
2019-10-01,84.2,72.4,63.0,3,0.0
2019-10-02,93.9,81.1,70.2,3,0.0
2019-10-03,75.7,65.3,60.9,53,0.102
2019-10-04,70.2,62.9,51.5,61,0.181
2019-10-05,63.0,53.5,45.6,3,0.0
2019-10-06,74.4,65.8,54.2,3,0.0
2019-10-07,79.5,71.9,63.6,53,0.047
2019-10-08,66.5,61.1,57.5,55,0.075
2019-10-09,59.2,56.8,53.4,53,0.087
2019-10-10,73.1,60.7,51.7,53,0.059
2019-10-11,68.3,60.6,52.9,3,0.0
2019-10-12,72.7,60.4,50.5,3,0.0
2019-10-13,68.1,58.9,49.2,53,0.039
2019-10-14,74.0,62.4,53.1,3,0.0
2019-10-15,66.5,57.2,47.8,2,0.0
2019-10-16,67.7,58.2,51.2,65,1.39
2019-10-17,60.0,53.6,49.7,3,0.0
2019-10-18,60.6,52.3,44.6,3,0.0
2019-10-19,62.1,50.0,39.5,3,0.0
2019-10-20,56.0,51.5,45.3,63,0.791
2019-10-21,67.2,56.3,48.6,53,0.047
2019-10-22,64.5,59.9,52.0,63,0.398
2019-10-23,64.5,58.2,50.2,53,0.024
2019-10-24,66.7,53.8,44.2,0,0.0
2019-10-25,66.7,56.0,47.3,3,0.0
2019-10-26,64.3,56.5,50.1,51,0.067
2019-10-27,71.2,63.4,54.2,63,0.843
2019-10-28,67.4,58.8,50.4,3,0.0
2019-10-29,63.5,57.8,51.2,51,0.043
2019-10-30,64.8,60.6,56.2,53,0.098
2019-10-31,73.3,67.8,60.7,63,0.772
2019-11-01,69.2,49.0,41.6,63,0.445
2019-11-02,52.7,43.6,35.8,0,0.0
2019-11-03,51.8,43.8,37.9,1,0.0
2019-11-04,57.8,45.9,36.4,1,0.0
2019-11-05,61.1,51.5,43.5,3,0.0
2019-11-06,54.9,47.5,39.9,3,0.0
2019-11-07,58.3,49.7,42.0,61,0.146
2019-11-08,42.7,37.0,29.8,3,0.0
2019-11-09,41.5,31.8,23.3,3,0.0
2019-11-10,53.2,41.4,30.3,3,0.0
2019-11-11,62.6,49.8,39.2,3,0.0
2019-11-12,55.9,42.7,27.6,73,0.24
2019-11-13,35.4,27.9,22.8,3,0.0
2019-11-14,43.1,32.0,23.4,3,0.0
2019-11-15,52.2,38.9,28.8,3,0.0
2019-11-16,40.6,36.6,32.0,2,0.0
2019-11-17,41.4,35.4,29.7,3,0.0
2019-11-18,41.5,39.3,37.4,51,0.047
2019-11-19,54.3,43.6,34.2,3,0.0
2019-11-20,52.0,43.5,38.4,3,0.0
2019-11-21,53.4,45.6,37.8,3,0.0
2019-11-22,52.9,46.7,38.6,55,0.138
2019-11-23,45.5,38.3,30.6,55,0.114
2019-11-24,44.7,41.3,38.5,63,0.823
2019-11-25,53.0,42.0,32.0,3,0.0
2019-11-26,58.9,44.7,34.5,3,0.0
2019-11-27,57.5,49.2,37.9,51,0.028
2019-11-28,52.5,45.1,37.4,3,0.0
2019-11-29,43.5,36.0,30.2,3,0.0
2019-11-30,43.5,34.9,27.9,3,0.0
2019-12-01,44.7,36.9,31.3,63,0.886
2019-12-02,37.9,36.4,35.0,73,0.165
2019-12-03,42.0,36.0,32.2,71,0.024
2019-12-04,45.0,37.8,32.8,53,0.055
2019-12-05,42.7,38.1,33.1,71,0.008
2019-12-06,50.8,39.9,27.6,53,0.024
2019-12-07,42.8,34.8,28.9,3,0.0
2019-12-08,43.8,32.6,24.4,3,0.0
2019-12-09,51.4,46.7,40.9,61,0.661
2019-12-10,55.5,52.7,42.5,55,0.39
2019-12-11,41.6,36.4,31.5,73,0.24
2019-12-12,36.6,30.0,25.2,3,0.0
2019-12-13,48.4,40.3,25.9,61,0.52
2019-12-14,54.4,49.6,42.9,63,0.449
2019-12-15,48.4,42.1,34.6,51,0.008
2019-12-16,36.3,35.3,34.2,71,0.22
2019-12-17,39.6,37.1,34.6,63,1.055
2019-12-18,39.1,33.4,25.2,71,0.008
2019-12-19,29.8,23.2,18.5,3,0.0
2019-12-20,37.0,26.9,21.9,3,0.0
2019-12-21,37.0,27.8,22.5,3,0.0
2019-12-22,48.6,32.0,23.2,3,0.0
2019-12-23,52.3,36.7,27.1,3,0.0
2019-12-24,49.7,39.6,33.9,3,0.0
2019-12-25,46.5,34.4,24.8,3,0.0
2019-12-26,48.0,37.0,27.1,3,0.0
2019-12-27,50.1,45.0,39.6,51,0.008
2019-12-28,52.4,43.8,37.8,3,0.0
2019-12-29,44.9,39.5,31.5,63,0.354
2019-12-30,47.7,44.3,39.0,61,0.646
2019-12-31,46.8,40.7,37.4,3,0.0
