latitude,longitude,elevation,utc_offset_seconds,timezone,timezone_abbreviation
39.964848,-75.1676,16,-14400,America/New_York,GMT-4
,,,,,
time,temperature_2m_max,temperature_2m_mean,temperature_2m_min,weather_code (wmo code),precipitation_sum (inch)
1/1/2013,39.7,36.8,32.2,3,0
1/2/2013,33.2,28.4,24.4,3,0
1/3/2013,33.9,27.8,23,3,0
1/4/2013,37.5,32,27.7,3,0
1/5/2013,40.8,33.4,28.8,3,0
1/6/2013,47.1,36.8,29.2,73,0.02
1/7/2013,46.1,37.1,30.8,3,0
1/8/2013,47.3,36.1,28.9,3,0
1/9/2013,50.5,40.9,32,51,0.008
1/10/2013,49.1,41.6,35.7,3,0
1/11/2013,47.1,39.7,31.5,55,0.323
1/12/2013,52.1,45.4,38.9,51,0.008
1/13/2013,50.1,45.8,42,51,0.004
1/14/2013,58.8,53.7,46.3,53,0.055
1/15/2013,43.7,39.3,37.4,61,0.283
1/16/2013,38.4,36.4,33.9,63,0.587
1/17/2013,44.1,39.5,35.7,71,0.028
1/18/2013,35,32.5,27.7,71,0.024
1/19/2013,47.9,37.2,28.5,0,0
1/20/2013,53.9,42.8,32.8,1,0
1/21/2013,36.7,31.2,27.7,73,0.039
1/22/2013,29.1,21.7,18,2,0
1/23/2013,22.7,17.7,13.3,3,0
1/24/2013,26,20.5,15.8,3,0
1/25/2013,25.5,20.1,15.7,73,0.075
1/26/2013,30.3,23.2,17.8,2,0
1/27/2013,35.7,25.5,18.3,3,0
1/28/2013,37.7,31.2,24.5,73,0.193
1/29/2013,50.7,43.2,38,3,0
1/30/2013,64.2,53.9,41.9,51,0.012
1/31/2013,60.2,45.3,31.5,63,0.689
2/1/2013,31.4,29.1,25.4,71,0
2/2/2013,29.5,24.5,18.8,71,0.016
2/3/2013,33.2,27.9,23.9,71,0.008
2/4/2013,32.5,27.3,22.8,71,0.004
2/5/2013,36.4,31.6,28.5,71,0.028
2/6/2013,39.9,32.6,27.2,3,0
2/7/2013,36.6,30.3,25.9,3,0
2/8/2013,41.6,35.9,30.6,73,0.709
2/9/2013,33.4,29.6,23.5,73,0.142
2/10/2013,39.3,27.8,17.8,3,0
2/11/2013,50.1,42.5,30.6,63,0.374
2/12/2013,47.5,40.5,33.1,3,0
2/13/2013,47.3,36.9,28.5,73,0.126
2/14/2013,47.4,37.3,28.1,73,0.071
2/15/2013,55.6,41.8,32.4,3,0
2/16/2013,39.7,35.7,32.2,73,0.098
2/17/2013,31.9,29.1,23,3,0
2/18/2013,36.7,27,20.2,3,0
2/19/2013,44.4,37.4,29.1,61,0.228
2/20/2013,35.4,31.7,27.6,3,0
2/21/2013,36.6,29.1,24,0,0
2/22/2013,37.8,31.6,26,71,0
2/23/2013,44.9,39.4,33.6,53,0.122
2/24/2013,49.9,40.2,32.7,3,0
2/25/2013,45.6,37,29.5,3,0
2/26/2013,45.7,37.5,28.5,53,0.094
2/27/2013,50.5,45.6,41.4,63,0.402
2/28/2013,45.9,41,35.8,51,0.012
3/1/2013,45.6,38.7,32.3,3,0
3/2/2013,38.8,34.5,30.2,3,0
3/3/2013,39.7,33.4,28.6,3,0
3/4/2013,41.2,33.4,27.8,1,0
3/5/2013,46.8,36.9,29.5,3,0
3/6/2013,40,36.9,34.2,73,0.386
3/7/2013,47.6,39,33.7,73,0.035
3/8/2013,44.3,37.6,32.1,73,0.098
3/9/2013,58.4,43.3,32,1,0
3/10/2013,56.1,42.4,30.4,3,0
3/11/2013,59.3,46.2,34.8,3,0
3/12/2013,55.2,52,44.7,63,0.854
3/13/2013,49.2,42.4,35.3,51,0.016
3/14/2013,43.2,36.2,30.6,3,0
3/15/2013,50.9,38.7,28.8,71,0
3/16/2013,42,37.5,34.7,73,0.094
3/17/2013,42.9,36.1,28.1,3,0
3/18/2013,39.2,34.2,30.2,75,0.39
3/19/2013,50.1,41.2,36.6,61,0.169
3/20/2013,47.3,38.2,30.9,3,0
3/21/2013,40,34,30,71,0.004
3/22/2013,42.1,34.6,28.6,71,0
3/23/2013,46.5,37.1,29.2,3,0
3/24/2013,46.8,37.5,27.9,3,0
3/25/2013,37.7,35.7,34.1,75,0.406
3/26/2013,50.5,40,29.2,51,0.008
3/27/2013,50.3,41.2,32.6,3,0
3/28/2013,50.6,41.5,33.4,51,0.004
3/29/2013,52.2,42.5,32.1,3,0
3/30/2013,56,44.4,31.8,3,0
3/31/2013,56.4,45.2,34.6,61,0.185
4/1/2013,60,48.8,40,51,0.012
4/2/2013,44.3,38.3,31.5,3,0
4/3/2013,46.3,38.2,29.8,3,0
4/4/2013,51.3,39,27.7,3,0
4/5/2013,62.3,47.3,36.6,3,0
4/6/2013,52.2,43,34.1,1,0
4/7/2013,61,48.6,37,3,0
4/8/2013,74.7,60.4,47.4,3,0
4/9/2013,81.2,68.4,57.4,3,0
4/10/2013,85.5,72.5,62.3,53,0.028
4/11/2013,70.5,62,51,51,0.004
4/12/2013,62.6,48.7,45.9,63,0.713
4/13/2013,60.9,51.1,41.3,51,0.008
4/14/2013,60.3,51.3,40.6,3,0
4/15/2013,60.8,51.9,45.8,3,0
4/16/2013,70.5,59,47.8,3,0
4/17/2013,69.5,61.9,56.9,53,0.043
4/18/2013,66.7,58.9,53.2,3,0
4/19/2013,77.1,66.4,57.7,63,0.327
4/20/2013,57.2,52.5,47.8,63,0.48
4/21/2013,53.7,45.7,37.1,3,0
4/22/2013,51.9,45,37,3,0
4/23/2013,51,46.7,41.6,51,0.004
4/24/2013,70.2,55.9,39.2,3,0
4/25/2013,63.4,54,44.2,51,0.008
4/26/2013,63.3,53.3,44.3,0,0
4/27/2013,67.3,54.9,41.5,0,0
4/28/2013,69,57,46.1,3,0
4/29/2013,58.8,55.3,52.3,51,0.079
4/30/2013,64.8,56.8,50.5,3,0
5/1/2013,67.3,54.9,42.9,0,0
5/2/2013,69.9,56.5,43.7,0,0
5/3/2013,63,54.6,48.7,3,0
5/4/2013,67.2,55.4,45.4,2,0
5/5/2013,63,51.2,43.9,3,0
5/6/2013,64.3,53.6,43.5,3,0
5/7/2013,70.7,59.9,50.4,51,0.024
5/8/2013,72.1,62.9,57.6,61,0.492
5/9/2013,71.5,62.5,54.4,53,0.094
5/10/2013,81.4,68.1,54.5,3,0
5/11/2013,75.4,68,62.7,63,0.5
5/12/2013,65.6,60.5,52.4,3,0
5/13/2013,55.4,50.6,44.6,3,0
5/14/2013,60.2,50.5,39.1,3,0
5/15/2013,72.9,62,50,51,0.024
5/16/2013,81.3,70.2,57.3,3,0
5/17/2013,75.7,65.9,55.5,3,0
5/18/2013,73.7,63.5,57.6,51,0.008
5/19/2013,65.4,62.4,58.9,51,0.024
5/20/2013,79.1,69.1,60,51,0.024
5/21/2013,84.3,73.8,64.5,3,0
5/22/2013,87,76,67.9,3,0
5/23/2013,76.4,72,68.4,63,0.764
5/24/2013,67.4,57.6,45.9,63,0.398
5/25/2013,62.8,53.2,44.7,53,0.102
5/26/2013,68,57.8,48.8,0,0
5/27/2013,73.5,60.8,45.8,3,0
5/28/2013,66.3,61.6,54.7,61,0.311
5/29/2013,86.4,73.7,60.6,51,0.008
5/30/2013,91.5,79.7,67.3,1,0
5/31/2013,90.6,79.7,68,3,0
6/1/2013,89.6,79.8,69.4,2,0
6/2/2013,88.5,79.7,73.9,53,0.051
6/3/2013,78.6,73,69,63,0.661
6/4/2013,75.3,67.4,59,3,0
6/5/2013,77.1,66.6,53.8,3,0
6/6/2013,74.2,65.6,56.4,61,0.248
6/7/2013,67.4,64.4,61.8,65,2.732
6/8/2013,74.3,67.2,59.9,61,0.22
6/9/2013,81.2,71.2,59.5,3,0
6/10/2013,73.1,69,65.9,63,1.083
6/11/2013,80.7,74.1,68.3,53,0.063
6/12/2013,80.5,73.2,66.8,3,0
6/13/2013,81.6,71.1,65,63,0.571
6/14/2013,74,64,56.6,53,0.138
6/15/2013,78.7,69.7,59.3,3,0
6/16/2013,83.1,72.1,60.2,51,0.004
6/17/2013,85.2,75.2,66.2,51,0.047
6/18/2013,79.3,71.7,67,63,0.61
6/19/2013,76.4,69,61.2,3,0
6/20/2013,77.5,68.6,58.4,3,0
6/21/2013,80.8,70,58.9,3,0
6/22/2013,84.3,72.1,59.1,3,0
6/23/2013,83.4,74.5,65.4,61,0.118
6/24/2013,91.5,79.9,70.5,61,0.075
6/25/2013,91.2,80.2,69.6,53,0.028
6/26/2013,89.7,79.7,72.7,63,0.717
6/27/2013,86.2,76.8,69.9,63,0.445
6/28/2013,86.1,77.6,72.4,61,0.181
6/29/2013,84.3,76.7,69.8,51,0.016
6/30/2013,82.5,76,71.3,61,0.126
7/1/2013,79.8,75,71.9,53,0.386
7/2/2013,81.6,75.9,73,63,0.378
7/3/2013,83.7,77.5,71.8,53,0.114
7/4/2013,87.2,80.2,73.7,2,0
7/5/2013,88.6,81,73.9,2,0
7/6/2013,92.1,83.1,75.4,2,0
7/7/2013,91.5,83.1,74.9,51,0.008
7/8/2013,86.1,79,72.7,51,0.012
7/9/2013,87.6,79.7,72,51,0.02
7/10/2013,85.5,79.7,74.2,63,0.224
7/11/2013,82.8,78.3,74.4,53,0.138
7/12/2013,79.2,72.9,69.1,63,1.146
7/13/2013,84.8,76.9,70.1,61,0.224
7/14/2013,88.5,80.3,72,3,0
7/15/2013,93,83.2,73.6,1,0
7/16/2013,91.8,83.8,75.2,2,0
7/17/2013,93.2,84.2,73.1,1,0
7/18/2013,95.3,85.2,76.5,53,0.035
7/19/2013,95.5,85.9,79,63,0.165
7/20/2013,91.2,83.4,76.8,63,0.228
7/21/2013,87.1,79.3,74.6,63,0.48
7/22/2013,84.1,77.5,73.1,61,0.138
7/23/2013,85.2,78.7,73.8,63,0.504
7/24/2013,81.9,76.3,71.1,51,0.004
7/25/2013,72.4,68.5,64.2,3,0
7/26/2013,82.2,72.7,63.3,1,0
7/27/2013,83.7,74.6,65.1,3,0
7/28/2013,81.6,73.6,69.3,63,0.575
7/29/2013,82.5,73.9,67.6,63,0.102
7/30/2013,80.2,71.6,62.9,3,0
7/31/2013,81.3,72.8,63.1,3,0
8/1/2013,74.2,70.4,68.7,55,0.287
8/2/2013,83.6,73.9,64.4,3,0
8/3/2013,74.4,70.9,68.1,55,0.205
8/4/2013,78,71.1,64,1,0
8/5/2013,78,69.1,59.4,3,0
8/6/2013,79.6,69,62.1,61,0.114
8/7/2013,74.9,70.4,65.8,53,0.075
8/8/2013,83.9,76.2,70.5,63,0.236
8/9/2013,83.4,77.3,73.1,63,0.909
8/10/2013,83.2,76.7,71.9,3,0
8/11/2013,82.3,74,64.6,3,0
8/12/2013,82.5,75.6,69.7,3,0
8/13/2013,80.7,74.8,71.1,63,0.807
8/14/2013,74.4,68.7,62.4,3,0
8/15/2013,76.2,66.5,55.8,2,0
8/16/2013,78,68.8,58.2,3,0
8/17/2013,79.9,69.9,58,3,0
8/18/2013,74,67.8,64.5,61,0.157
8/19/2013,78.3,70.1,62,3,0
8/20/2013,84.7,74.5,63.2,3,0
8/21/2013,87,76.7,65.5,3,0
8/22/2013,82.8,76.8,72,61,0.217
8/23/2013,79.1,74.2,68.4,3,0
8/24/2013,79.6,70.5,63.1,0,0
8/25/2013,80.4,69.7,58.5,3,0
8/26/2013,85.1,73.8,63.7,3,0
8/27/2013,87.7,78.4,70.5,53,0.028
8/28/2013,85,75.6,70.3,63,0.28
8/29/2013,81.1,74.8,70.6,51,0.016
8/30/2013,84.5,75.2,67.5,51,0.008
8/31/2013,86.9,78.5,71.3,51,0.004
9/1/2013,88.8,79.6,73.2,61,0.059
9/2/2013,83.4,78.3,72.7,55,0.079
9/3/2013,84.4,76.6,70.5,51,0.008
9/4/2013,82.5,72.4,62.8,0,0
9/5/2013,80.1,71.4,63.8,3,0
9/6/2013,72.3,64.1,55.5,0,0
9/7/2013,78.9,67,56.3,3,0
9/8/2013,83.2,72.5,64.7,3,0
9/9/2013,77,67,56.1,3,0
9/10/2013,87.7,76.9,66.6,3,0
9/11/2013,93,82.3,72.6,3,0
9/12/2013,88.8,80.3,73.4,63,0.362
9/13/2013,75.8,71,62.6,55,0.063
9/14/2013,65.9,61.5,57.5,3,0
9/15/2013,73,62,50.1,3,0
9/16/2013,70.3,63.5,60.6,53,0.067
9/17/2013,65.1,57.7,50.1,0,0
9/18/2013,69.6,58.8,46.9,0,0
9/19/2013,74.9,62.5,51.4,0,0
9/20/2013,77.8,65.5,54.6,0,0
9/21/2013,78.2,67.2,56.1,61,0.248
9/22/2013,69.8,64.6,59.5,65,0.969
9/23/2013,65.6,57.9,50.9,0,0
9/24/2013,71.3,58,46.4,0,0
9/25/2013,71.9,60.4,48.9,3,0
9/26/2013,71.3,61.8,51.4,3,0
9/27/2013,69.8,63,55.7,3,0
9/28/2013,71.2,62.9,55.5,3,0
9/29/2013,71.8,61.3,51.8,3,0
9/30/2013,72.7,61.8,50.2,3,0
10/1/2013,78.1,65.3,53.7,2,0
10/2/2013,83,70.2,58.4,0,0
10/3/2013,80.7,70.8,61.2,3,0
10/4/2013,85.3,73.4,63,51,0.004
10/5/2013,83.6,73.9,65.8,53,0.02
10/6/2013,84.4,73.5,65.8,51,0.008
10/7/2013,78.6,67.8,58.5,63,0.547
10/8/2013,67.7,60.2,53.3,3,0
10/9/2013,62.7,58.2,54.8,3,0
10/10/2013,58.7,56.4,53.2,63,0.988
10/11/2013,64.4,60.9,57.3,61,0.575
10/12/2013,69.2,63.5,60,53,0.094
10/13/2013,64.7,60.1,56.4,3,0
10/14/2013,66.9,58.5,51.6,2,0
10/15/2013,70.8,58.5,49.1,3,0
10/16/2013,68.9,60.2,51.8,3,0
10/17/2013,71.4,64,57.6,53,0.028
10/18/2013,64.8,58.9,52.2,61,0.067
10/19/2013,64.8,56.7,48.7,51,0.028
10/20/2013,60.9,53.5,46.5,0,0
10/21/2013,65.1,54,44.7,3,0
10/22/2013,63.6,55,48.6,3,0
10/23/2013,55.5,49.4,45.5,3,0
10/24/2013,51.7,45.4,40.2,51,0.004
10/25/2013,53.6,45,38.3,2,0
10/26/2013,53.8,45.2,35.2,3,0
10/27/2013,56.5,49.3,43.2,3,0
10/28/2013,61.3,49,38.1,3,0
10/29/2013,59.1,49.4,41.8,3,0
10/30/2013,59.8,52.3,45,3,0
10/31/2013,70.3,59.6,50.2,51,0.02
11/1/2013,71.6,65.8,57.8,53,0.122
11/2/2013,66.8,58.3,52.4,51,0.008
11/3/2013,53.1,47.9,39.2,2,0
11/4/2013,46.2,39.5,33.4,3,0
11/5/2013,57,47.3,39.5,3,0
11/6/2013,62.5,51.9,43.3,3,0
11/7/2013,60.9,54.5,48.2,55,0.118
11/8/2013,49.4,44.7,39.3,3,0
11/9/2013,49.7,41.9,33.5,3,0
11/10/2013,57.3,48.3,42,3,0
11/11/2013,53.5,45.9,38.5,2,0
11/12/2013,49.3,40.7,33.4,71,0.059
11/13/2013,40.1,33.7,29,0,0
11/14/2013,51.8,39.3,31.1,2,0
11/15/2013,56,42.7,33,3,0
11/16/2013,57.3,47.4,40.5,53,0.043
11/17/2013,64.6,55.2,46.6,53,0.031
11/18/2013,64.9,59.4,51.2,61,0.173
11/19/2013,49.2,44.5,37.9,3,0
11/20/2013,44.7,36.8,31.6,3,0
11/21/2013,49.6,40.6,31.8,3,0
11/22/2013,57.7,50.3,44.9,51,0.071
11/23/2013,52.7,43.6,34.9,3,0
11/24/2013,33.1,28.3,25.4,3,0
11/25/2013,34.4,28.3,23.7,3,0
11/26/2013,43.8,34.8,30,71,0.555
11/27/2013,58.8,43.9,32.9,71,1.638
11/28/2013,36.5,31.4,28.7,3,0
11/29/2013,39.4,32.5,27.7,3,0
11/30/2013,38.2,30.6,24.9,3,0
12/1/2013,45.6,36.2,28.8,3,0
12/2/2013,47.7,39.8,35.3,3,0
12/3/2013,53.1,41.2,33.7,3,0
12/4/2013,54.8,43.6,34.6,3,0
12/5/2013,59.3,53.5,47.6,3,0
12/6/2013,60.3,50.1,39.4,63,0.756
12/7/2013,42.9,37.4,31.8,61,0.256
12/8/2013,32.2,29.6,27.2,75,0.402
12/9/2013,38.4,35,30.9,61,0.5
12/10/2013,33,30.2,25.6,75,0.272
12/11/2013,32.8,25.4,18.7,0,0
12/12/2013,26,21.3,16.8,1,0
12/13/2013,33.9,25.2,15.7,3,0
12/14/2013,40.4,31.1,24.3,75,0.646
12/15/2013,42.9,37.2,28.4,63,0.394
12/16/2013,29.3,25.2,21.2,3,0
12/17/2013,37.6,29.3,22.4,73,0.087
12/18/2013,35.4,27.4,23,3,0
12/19/2013,46.9,33,21.4,3,0
12/20/2013,53.1,43.5,35.1,3,0
12/21/2013,63.4,54.4,46.6,3,0
12/22/2013,69,64.8,59.9,51,0.004
12/23/2013,63.2,56.7,44.2,63,0.984
12/24/2013,42.9,36.9,29.9,3,0
12/25/2013,30.8,26.8,23.6,3,0
12/26/2013,38.8,29.6,24.4,3,0
12/27/2013,42.6,31.9,26.3,2,0
12/28/2013,50.9,37.5,27.8,3,0
12/29/2013,45.6,40,35.6,63,0.902
12/30/2013,41.4,37.2,28.9,3,0
12/31/2013,38.2,30.4,25.1,3,0
1/1/2014,39.1,30.5,24.9,3,0
1/2/2014,36.2,30.4,24.9,75,0.185
1/3/2014,23.7,13.3,-0.2,75,0.339
1/4/2014,26.6,11.1,-3.9,2,0
1/5/2014,48.6,31.3,16.8,51,0.024
1/6/2014,54.9,42.3,21,73,0.441
1/7/2014,16.4,9.1,1.7,0,0
1/8/2014,24.9,17.2,10.9,3,0
1/9/2014,33.8,26.9,21.2,3,0
1/10/2014,37.2,32,25.4,55,0.138
1/11/2014,57.9,49.9,36.1,63,0.693
1/12/2014,47.5,40.1,31.8,3,0
1/13/2014,52.4,39.6,29.3,3,0
1/14/2014,47,43.8,37.2,61,0.374
1/15/2014,46.5,37.2,27.5,3,0
1/16/2014,41,35.9,28.6,51,0.012
1/17/2014,42.5,33.5,27.1,3,0
1/18/2014,36.8,31.6,26.2,71,0.012
1/19/2014,40.2,30.4,23.4,3,0
1/20/2014,48.1,37.6,30.6,3,0
1/21/2014,34,25.3,15.6,75,0.421
1/22/2014,14.8,7.4,-0.3,71,0.012
1/23/2014,20.8,6.4,-6.9,3,0
1/24/2014,18.1,9.6,2.4,2,0
1/25/2014,24.6,19.7,11.5,73,0.075
1/26/2014,26.7,18.6,7.3,71,0.008
1/27/2014,41.8,32.2,19.7,3,0
1/28/2014,18.4,14.3,9.2,71,0.004
1/29/2014,19.5,13.9,9,73,0.055
1/30/2014,27,16.9,8,3,0
1/31/2014,40.9,27.3,15.7,3,0
2/1/2014,42.6,33.3,27.1,3,0
2/2/2014,54,39,28.6,3,0
2/3/2014,40.2,33.5,28.1,75,1.319
2/4/2014,33.2,23.9,11,3,0
2/5/2014,38.3,33,29.1,73,1.134
2/6/2014,32.3,23.6,17,3,0
2/7/2014,33.9,22.5,14.5,3,0
2/8/2014,27.9,19.6,12.7,71,0.016
2/9/2014,31.2,22.3,12.9,73,0.106
2/10/2014,28.4,21.5,12.1,71,0
2/11/2014,24.3,13.1,2.8,2,0
2/12/2014,26,14.2,1.9,71,0
2/13/2014,35,31.4,22.7,75,1.587
2/14/2014,41.5,34.6,29.3,75,0.366
2/15/2014,35.2,31.6,28.7,73,0.209
2/16/2014,29.2,22.7,14.9,3,0
2/17/2014,30.1,19.2,9.3,3,0
2/18/2014,43.7,32.1,20,73,0.079
2/19/2014,44,35.8,24.6,61,0.157
2/20/2014,46,36.6,23.3,3,0
2/21/2014,59,43.2,30.9,63,0.173
2/22/2014,52.7,37.7,25.5,3,0
2/23/2014,48.2,40.2,33.4,53,0.039
2/24/2014,36.6,32.3,27,73,0.094
2/25/2014,33.1,26.6,21.6,71,0.031
2/26/2014,30.1,25.3,17.8,73,0.055
2/27/2014,32.4,23.2,13.7,71,0
2/28/2014,24.6,15.9,6,1,0
3/1/2014,37.9,26.8,17.8,3,0
3/2/2014,41.2,33.3,24.6,53,0.122
3/3/2014,31.7,20.4,12.6,73,0.335
3/4/2014,29.6,16,2.8,3,0
3/5/2014,39.2,29.1,22.2,3,0
3/6/2014,30.6,24.1,18.2,3,0
3/7/2014,40.1,32.1,24,3,0
3/8/2014,56.7,40.5,26.5,3,0
3/9/2014,43.6,37.3,31.1,53,0.055
3/10/2014,52.9,40,28.3,3,0
3/11/2014,64.5,49.9,39.8,3,0
3/12/2014,65.9,50.4,30.6,61,0.13
3/13/2014,30.7,25.6,20.5,3,0
3/14/2014,47.4,35.6,24.4,3,0
3/15/2014,58.2,49.1,42.1,3,0
3/16/2014,42.2,36.3,30.8,71,0.028
3/17/2014,33,29,25.5,73,0.173
3/18/2014,43.7,33.6,26,3,0
3/19/2014,46,39.1,30.4,63,0.622
3/20/2014,53.2,45.2,40.5,3,0
3/21/2014,51.9,41.8,32.6,3,0
3/22/2014,63.6,48.8,35.2,3,0
3/23/2014,43.8,39.4,32.2,3,0
3/24/2014,36.6,30.3,24.4,3,0
3/25/2014,37.6,30.7,24,73,0.118
3/26/2014,36.7,31.8,28.3,71,0.02
3/27/2014,43,32.8,23.9,3,0
3/28/2014,59.9,49,33.5,53,0.028
3/29/2014,53.1,46.8,43.7,63,0.85
3/30/2014,52.7,45.5,37.7,63,0.937
3/31/2014,56.8,44.4,35.7,73,0.091
4/1/2014,58.4,46,32.9,3,0
4/2/2014,58.4,47.2,39.4,53,0.067
4/3/2014,63.7,51.7,42.6,55,0.075
4/4/2014,48.8,45.7,42.9,61,0.299
4/5/2014,54.6,47.2,41.6,3,0
4/6/2014,57.2,44.6,32.9,3,0
4/7/2014,51.4,44.4,35.3,61,0.354
4/8/2014,62.6,55.6,47.3,55,0.185
4/9/2014,60.8,49.7,38.5,2,0
4/10/2014,63.9,51.3,36.8,1,0
4/11/2014,75.3,62.2,53.6,53,0.094
4/12/2014,70.2,59,47.7,53,0.051
4/13/2014,78.4,63.5,50.5,3,0
4/14/2014,74.4,66,60.2,51,0.004
4/15/2014,66.3,57.7,37.8,63,0.748
4/16/2014,47.9,40,31.9,73,0.079
4/17/2014,51,41.4,33.4,3,0
4/18/2014,52.9,44,36.8,3,0
4/19/2014,65.3,51.8,39.3,3,0
4/20/2014,58.4,50,42,3,0
4/21/2014,66.3,50.4,35.1,1,0
4/22/2014,72,56.9,44.2,53,0.055
4/23/2014,56.9,52.1,46.6,3,0
4/24/2014,59.7,49.2,40.3,0,0
4/25/2014,63.3,50.6,39.2,61,0.165
4/26/2014,68.1,56.5,47.3,63,0.319
4/27/2014,59.9,51.6,43.7,3,0
4/28/2014,62.8,51.8,39.6,51,0.028
4/29/2014,49.4,47.1,43.7,61,0.26
4/30/2014,61.1,50.9,43.8,63,1.602
5/1/2014,73.9,66,60.9,63,0.287
5/2/2014,65.2,59.7,52,3,0
5/3/2014,68,58.6,49.6,3,0
5/4/2014,60.3,56.3,49.9,51,0.008
5/5/2014,65.3,54.9,45.9,3,0
5/6/2014,68.8,56.6,45.9,3,0
5/7/2014,67.6,56.1,44.7,3,0
5/8/2014,68.4,58.6,52.8,55,0.142
5/9/2014,73.8,62.4,54.8,53,0.024
5/10/2014,79.6,68.8,60.6,61,0.161
5/11/2014,77.1,68,60,55,0.067
5/12/2014,84.4,70.6,58,51,0.016
5/13/2014,77.2,67.3,55.7,3,0
5/14/2014,72.3,61.2,52.6,3,0
5/15/2014,79.2,69.2,61.2,51,0.016
5/16/2014,67.5,65.4,59,65,1.646
5/17/2014,65.4,59.2,52.4,3,0
5/18/2014,63.5,56.1,47.1,3,0
5/19/2014,69.6,58.1,44.7,2,0
5/20/2014,73.7,62.7,50,3,0
5/21/2014,70.9,63.5,59.1,55,0.055
5/22/2014,76.7,65.6,56.7,63,0.488
5/23/2014,71.5,64,59.1,51,0.024
5/24/2014,70.5,63.1,56.9,51,0.012
5/25/2014,78.7,66.3,54.1,3,0
5/26/2014,84.1,71.6,59.6,3,0
5/27/2014,86.4,73.9,63.5,61,0.102
5/28/2014,73.6,66.6,57.2,63,0.311
5/29/2014,59.7,56.6,53.8,3,0
5/30/2014,72.4,62.8,55.5,51,0.028
5/31/2014,72.5,64.5,55.5,3,0
6/1/2014,74.8,64,52.8,3,0
6/2/2014,78.3,66.6,53.6,1,0
6/3/2014,85.2,72.9,60.4,51,0.012
6/4/2014,83.7,74.7,66,3,0
6/5/2014,75.1,67.4,61.7,63,0.508
6/6/2014,73.2,66.7,59,3,0
6/7/2014,80.3,69.6,56.5,3,0
6/8/2014,83.1,71.8,59.7,3,0
6/9/2014,79,71.1,66.1,61,0.472
6/10/2014,81.6,72.6,67.2,55,0.102
6/11/2014,73.9,69.6,65.6,61,0.091
6/12/2014,75.7,69.1,62.6,53,0.146
6/13/2014,81.5,72.6,67.8,63,0.63
6/14/2014,74.2,68.8,63.6,3,0
6/15/2014,79.3,68.1,57.2,3,0
6/16/2014,85.5,72.8,58.4,3,0
6/17/2014,91,79.6,68.3,3,0
6/18/2014,91.5,82.9,76.8,3,0
6/19/2014,77.3,73.2,66.8,63,0.283
6/20/2014,79.7,70.6,60.3,3,0
6/21/2014,76,69.7,63.1,3,0
6/22/2014,78.5,71.9,65.7,3,0
6/23/2014,81.1,71.7,62.5,3,0
6/24/2014,83.3,73.8,65.4,3,0
6/25/2014,85.5,76.2,69,63,0.516
6/26/2014,85.1,77.2,70.9,55,0.039
6/27/2014,80.7,74.2,69.4,51,0.016
6/28/2014,83.6,74.7,65.4,3,0
6/29/2014,83.7,74,64,3,0
6/30/2014,85.3,76.1,66.5,3,0
7/1/2014,90.1,80.4,70.3,3,0
7/2/2014,93.5,82.7,74.4,63,0.362
7/3/2014,89,80.2,73.4,63,0.323
7/4/2014,76.5,71.7,67.9,61,0.295
7/5/2014,80.9,71.1,61.4,0,0
7/6/2014,83.4,73,60.9,3,0
7/7/2014,89.6,79.5,69,3,0
7/8/2014,92.5,83.3,73.9,53,0.024
7/9/2014,87.6,79.7,72,63,0.283
7/10/2014,83.7,75.4,70.6,53,0.118
7/11/2014,84.2,75.2,65.4,3,0
7/12/2014,84.7,76.1,67.5,3,0
7/13/2014,87.9,78.5,70.3,51,0.012
7/14/2014,88.6,79.4,72.4,65,0.874
7/15/2014,84.7,77.8,73.7,63,0.587
7/16/2014,81,74.8,69.7,53,0.063
7/17/2014,79.2,71.8,63.3,2,0
7/18/2014,80.7,71.7,59.7,3,0
7/19/2014,78.3,71.8,65.6,51,0.012
7/20/2014,79.1,71.3,65,51,0.016
7/21/2014,83.2,74,65.3,2,0
7/22/2014,85.7,76.2,66.9,51,0.004
7/23/2014,89,80.2,71.2,3,0
7/24/2014,81.9,76.1,70.5,3,0
7/25/2014,82.2,73.1,62.9,2,0
7/26/2014,81.5,72.6,64.2,51,0.031
7/27/2014,89.2,78.8,70.5,51,0.028
7/28/2014,82.4,75.9,70.3,63,0.453
7/29/2014,74.8,69.1,63,51,0.004
7/30/2014,77.4,70,61.9,3,0
7/31/2014,82,72.7,62.4,3,0
8/1/2014,81.2,73.2,66.6,53,0.047
8/2/2014,76.7,70.9,66.9,63,0.425
8/3/2014,75.5,70.2,64.5,55,0.154
8/4/2014,83.1,73.6,65.4,3,0
8/5/2014,86.2,76.4,65.1,2,0
8/6/2014,84.2,74.6,66.3,3,0
8/7/2014,82.3,73.5,64.4,1,0
8/8/2014,81.9,71.9,60.9,3,0
8/9/2014,83.8,73.5,61.4,3,0
8/10/2014,85.1,75.3,64.9,3,0
8/11/2014,84.7,75.3,67.2,3,0
8/12/2014,77,72.1,69.3,63,1.059
8/13/2014,81.4,74.4,69.9,61,0.142
8/14/2014,75.9,69.5,61.7,3,0
8/15/2014,75.4,66.7,58,3,0
8/16/2014,79.4,69.5,57.8,3,0
8/17/2014,80.5,72,62.7,3,0
8/18/2014,82.2,71.9,60,3,0
8/19/2014,83.4,73,63,3,0
8/20/2014,83.1,75,67.6,3,0
8/21/2014,84,74.6,67.4,61,0.15
8/22/2014,80.9,72.1,68.3,61,0.197
8/23/2014,74.8,68.7,65.3,53,0.118
8/24/2014,77.5,69.8,61.9,3,0
8/25/2014,83.5,72.4,59.4,3,0
8/26/2014,86.1,75,63.6,3,0
8/27/2014,87.3,76.3,64.9,3,0
8/28/2014,81.8,74.8,68.2,2,0
8/29/2014,78.8,69.4,59,3,0
8/30/2014,78,70.5,60.3,3,0
8/31/2014,88.7,77.7,70.7,63,0.638
9/1/2014,86.9,78.1,72.9,63,0.362
9/2/2014,89.1,80.8,73.5,51,0.008
9/3/2014,83.2,76.3,69.7,3,0
9/4/2014,85.2,75,64.4,3,0
9/5/2014,86.3,76.8,69.5,53,0.031
9/6/2014,90.9,80,74.9,61,0.087
9/7/2014,78.9,72,64.5,53,0.051
9/8/2014,74.8,68.9,64,51,0.004
9/9/2014,74.2,69.5,65.5,3,0
9/10/2014,78,70.5,63.1,3,0
9/11/2014,83.3,74.7,67,3,0
9/12/2014,77,69.6,62.5,3,0
9/13/2014,69.5,63.9,59.3,61,0.331
9/14/2014,68.1,60,51.6,3,0
9/15/2014,70.7,60.8,50.3,3,0
9/16/2014,72.6,63.9,57.1,61,0.102
9/17/2014,71.8,64,55.2,3,0
9/18/2014,73.5,64,55,3,0
9/19/2014,70.5,61.8,55.3,3,0
9/20/2014,77.6,66.8,57.8,3,0
9/21/2014,79.1,70.5,62.8,3,0
9/22/2014,70.4,65.8,58.3,3,0
9/23/2014,70.5,60,49.1,3,0
9/24/2014,70.6,62.4,52.8,3,0
9/25/2014,66,60.7,58.2,61,0.37
9/26/2014,76.2,64.4,53.1,0,0
9/27/2014,81.5,67.4,55.8,0,0
9/28/2014,82.4,68.7,56.9,3,0
9/29/2014,78.5,68.6,60.9,3,0
9/30/2014,77.1,68.1,61,51,0.004
10/1/2014,69.9,65.3,62,3,0
10/2/2014,69,64.3,60.4,51,0.004
10/3/2014,71.4,63.7,56.6,51,0.004
10/4/2014,67.2,63.3,54.6,55,0.374
10/5/2014,60.8,52.8,45,3,0
10/6/2014,70,58.3,47.1,3,0
10/7/2014,72.6,65.6,60.2,53,0.031
10/8/2014,72.8,65.6,60.2,55,0.13
10/9/2014,69.2,60.4,51.3,3,0
10/10/2014,63.8,57,50.6,3,0
10/11/2014,57.3,54,50.4,63,0.547
10/12/2014,62.7,53.6,45.5,3,0
10/13/2014,65.4,59,51.2,55,0.047
10/14/2014,76.9,69.4,62.5,3,0
10/15/2014,76.1,71.2,69,63,1.016
10/16/2014,69.5,65.4,59.8,63,0.567
10/17/2014,69.8,62,55,3,0
10/18/2014,68.8,61.7,56.2,3,0
10/19/2014,55.5,51.7,44.6,3,0
10/20/2014,60.4,50.6,39.4,3,0
10/21/2014,67.3,58.3,51.5,51,0.008
10/22/2014,56.4,53.3,51.4,55,0.531
10/23/2014,51.9,51.3,50.8,51,0.079
10/24/2014,67.1,57.2,50.2,3,0
10/25/2014,67.3,56.4,45,3,0
10/26/2014,64.1,58,53,3,0
10/27/2014,64.5,54.2,45.5,3,0
10/28/2014,74.4,60.4,50.4,3,0
10/29/2014,64.7,59.3,49.9,53,0.067
10/30/2014,57.9,50.8,44.7,3,0
10/31/2014,55.1,48.2,39.9,3,0
11/1/2014,49.3,45.8,42.7,61,0.65
11/2/2014,47.8,43,39.9,51,0.031
11/3/2014,58.3,46.5,39,1,0
11/4/2014,68.4,53.4,42.7,3,0
11/5/2014,63.6,56.6,52,3,0
11/6/2014,57.4,51.2,45.5,61,0.398
11/7/2014,51.2,46.5,39.3,51,0.016
11/8/2014,48,41,33.4,3,0
11/9/2014,56,47.3,41.4,3,0
11/10/2014,60.5,48.4,39.7,3,0
11/11/2014,67.4,54.6,43.1,3,0
11/12/2014,64.5,57.2,47.2,3,0
11/13/2014,45.8,41.4,35.7,71,0.138
11/14/2014,42.6,37.4,34,71,0.063
11/15/2014,41.7,35,29.8,3,0
11/16/2014,43.7,36.2,30.4,53,0.031
11/17/2014,51.1,43.4,37.3,63,0.909
11/18/2014,40,30.8,26.6,3,0
11/19/2014,31.5,27,22.6,3,0
11/20/2014,45.9,36.9,30.9,3,0
11/21/2014,36.2,30.8,26.7,3,0
11/22/2014,41.8,33,24.5,3,0
11/23/2014,53.3,43.2,35.2,3,0
11/24/2014,68.2,61.1,49.3,63,0.39
11/25/2014,61.2,53.6,45.2,3,0
11/26/2014,45.7,39.1,34.7,75,1.031
11/27/2014,39.7,34.5,27.6,71,0
11/28/2014,35.9,28.4,21.8,3,0
11/29/2014,35.3,30.8,28.1,71,0
11/30/2014,52,43.9,34.6,3,0
12/1/2014,63.6,53.4,42.6,53,0.067
12/2/2014,45.7,39.4,35.7,73,0.142
12/3/2014,48.4,44.2,38.6,55,0.114
12/4/2014,44.1,37,30.3,3,0
12/5/2014,47.1,38.5,31.8,53,0.13
12/6/2014,49,44,40.5,61,0.504
12/7/2014,44.1,37.8,31.2,55,0.13
12/8/2014,34.8,30.8,27.6,3,0
12/9/2014,40.8,38.7,34.8,65,2.492
12/10/2014,39.9,37.4,33.2,51,0.024
12/11/2014,36.6,33.8,31.9,73,0.075
12/12/2014,39.2,33.9,29.1,71,0
12/13/2014,42.1,35.7,31.5,3,0
12/14/2014,46.1,38,32.6,3,0
12/15/2014,47.4,38.9,33.9,2,0
12/16/2014,52,40.8,31.3,61,0.134
12/17/2014,51,45,39.2,3,0
12/18/2014,41.1,36.5,32.5,3,0
12/19/2014,40.2,35,29.1,3,0
12/20/2014,36.9,31.6,27.9,3,0
12/21/2014,39.6,33,28.8,3,0
12/22/2014,39.5,34.2,28.5,53,0.059
12/23/2014,50.8,46.5,39.2,53,0.11
12/24/2014,59.6,51.5,44.4,63,0.811
12/25/2014,62.4,50.9,41.7,53,0.118
12/26/2014,48.9,40.7,34.5,3,0
12/27/2014,55.1,42.1,34.3,3,0
12/28/2014,54.6,46.8,39.7,51,0.039
12/29/2014,44.1,40,34,3,0
12/30/2014,37.1,32.9,29.3,3,0
12/31/2014,33,28.1,25.3,2,0
1/1/2015,39,31.1,25.5,1,0
1/2/2015,42.9,35.1,30.5,3,0
1/3/2015,41.8,34,27.8,73,0.614
1/4/2015,57.4,50.1,42.1,61,0.362
1/5/2015,44.7,34.3,26.3,3,0
1/6/2015,25.9,23.8,22.1,73,0.098
1/7/2015,23.8,20,12.2,3,0
1/8/2015,20.4,14.6,9.8,3,0
1/9/2015,34.5,26.8,18.5,71,0.016
1/10/2015,23.3,19.1,13.2,0,0
1/11/2015,37.7,26.2,16.7,3,0
1/12/2015,36.7,34.7,30.8,61,0.594
1/13/2015,35.3,29.4,23.1,53,0.035
1/14/2015,33,26.7,22.5,71,0.012
1/15/2015,37.6,29.9,25.8,3,0
1/16/2015,41.1,32.2,26.5,2,0
1/17/2015,32.1,26,21.7,3,0
1/18/2015,41.5,35.8,27.7,63,1.22
1/19/2015,42.7,34.4,29.5,3,0
1/20/2015,44.8,34.6,28.3,51,0.004
1/21/2015,35.5,29.2,24.8,73,0.063
1/22/2015,42.6,33.4,27.7,3,0
1/23/2015,39.5,32.2,26.7,71,0.004
1/24/2015,38.9,34.3,32,75,0.783
1/25/2015,44.9,35.7,30.3,71,0.016
1/26/2015,32.1,27.7,25.1,73,0.075
1/27/2015,30.3,25,19.9,73,0.102
1/28/2015,31.7,21.6,15.9,3,0
1/29/2015,32.1,26.5,17.9,71,0.008
1/30/2015,37.3,31.1,18.4,71,0.012
1/31/2015,25.3,18.4,12.6,2,0
2/1/2015,36.7,26.8,17.2,71,0
2/2/2015,47.9,35,16.4,75,0.866
2/3/2015,28,20.9,14.3,3,0
2/4/2015,43.4,31.9,20.6,3,0
2/5/2015,36.6,27.9,16.7,71,0.016
2/6/2015,32.9,21.9,14.1,3,0
2/7/2015,42.3,30,20.2,3,0
2/8/2015,48.1,37.6,31.1,3,0
2/9/2015,34.6,30.8,27.7,51,0.016
2/10/2015,40.2,31.6,26.6,71,0.016
2/11/2015,36.9,29.7,24,3,0
2/12/2015,42.1,32.6,22.8,3,0
2/13/2015,22.7,16.3,9.2,3,0
2/14/2015,31.3,25.9,19,73,0.071
2/15/2015,24.9,12.1,4.3,73,0.071
2/16/2015,18.7,9.1,0.1,71,0.012
2/17/2015,27.2,19.2,14.2,73,0.142
2/18/2015,31.2,20.8,9.6,71,0.008
2/19/2015,22.6,14.7,7.8,71,0
2/20/2015,17,7.2,-1.7,0,0
2/21/2015,32.6,18.3,3.7,75,0.539
2/22/2015,41.6,35.7,28.5,73,0.295
2/23/2015,31.3,23.9,11.8,71,0
2/24/2015,24.2,16.1,6.8,3,0
2/25/2015,36.1,24,9.2,3,0
2/26/2015,31.8,26.8,22.4,73,0.051
2/27/2015,29.3,23,17.1,3,0
2/28/2015,28.8,19,7.8,3,0
3/1/2015,31,26.7,22.5,75,0.421
3/2/2015,36.8,32.1,21.8,51,0.004
3/3/2015,36.8,24.1,13.2,73,0.327
3/4/2015,42.1,38.9,36.7,61,0.343
3/5/2015,37.6,28.9,20,75,1.039
3/6/2015,25.5,14.7,1.7,3,0
3/7/2015,38.8,21.3,4.4,3,0
3/8/2015,45.2,35.2,25.6,3,0
3/9/2015,49.7,38.7,28.8,3,0
3/10/2015,51,43.4,34,55,0.331
3/11/2015,61.9,48.7,40.2,55,0.094
3/12/2015,49.1,40.7,31.2,2,0
3/13/2015,47.1,36.7,27.1,3,0
3/14/2015,49.1,43.4,37,61,0.862
3/15/2015,47.4,41.5,37.2,3,0
3/16/2015,54.7,42,30,3,0
3/17/2015,61.1,48.2,34.6,51,0.008
3/18/2015,42.2,35.1,29.2,3,0
3/19/2015,44.5,35.8,27.4,3,0
3/20/2015,35.9,33.1,30.6,75,0.543
3/21/2015,53,40.3,31,3,0
3/22/2015,45.6,39.6,33.1,3,0
3/23/2015,42.2,33.8,27,3,0
3/24/2015,43.3,34.9,28.5,3,0
3/25/2015,44.7,38.4,30.3,61,0.106
3/26/2015,62.7,52.7,41.1,55,0.154
3/27/2015,50.4,42.1,36.2,71,0.268
3/28/2015,40.8,36.3,30.7,3,0
3/29/2015,44,34.3,26.8,3,0
3/30/2015,54.2,43,32.2,73,0.028
3/31/2015,55.5,41.3,33,55,0.232
4/1/2015,52.6,41.3,30.4,1,0
4/2/2015,63.1,48.9,33.8,3,0
4/3/2015,62.6,58.7,56.6,63,0.402
4/4/2015,60.2,51.8,43.6,63,0.307
4/5/2015,61.6,49.7,39,3,0
4/6/2015,69.9,55.6,40.5,3,0
4/7/2015,68.2,57.1,46.4,61,0.461
4/8/2015,45.7,43.2,40.9,3,0
4/9/2015,45.3,41.2,38.4,51,0.012
4/10/2015,60.9,50.7,40.4,53,0.051
4/11/2015,59.1,53.2,45.8,3,0
4/12/2015,64.5,50.7,37,2,0
4/13/2015,71.9,56.4,42.5,3,0
4/14/2015,58.9,56.7,52.5,53,0.134
4/15/2015,67.2,56.5,47.3,3,0
4/16/2015,67.5,56.1,45.9,3,0
4/17/2015,70.3,60.8,52.4,55,0.118
4/18/2015,77.1,64.6,51,3,0
4/19/2015,62.2,55.4,47.5,3,0
4/20/2015,74,60.5,47.5,63,1.094
4/21/2015,63.6,59.1,50.4,53,0.055
4/22/2015,67.8,54.9,46.1,61,0.118
4/23/2015,50.6,45.6,39.2,51,0.016
4/24/2015,52.9,43.8,35.6,3,0
4/25/2015,54.5,43.9,33.4,3,0
4/26/2015,58.4,49.6,39.8,3,0
4/27/2015,57.8,49.9,40.4,51,0.004
4/28/2015,66.1,55.4,46.3,3,0
4/29/2015,72.8,59.9,47.1,3,0
4/30/2015,67.1,56.4,48.7,51,0.004
5/1/2015,59.3,53.6,48,51,0.004
5/2/2015,69.1,57,45,2,0
5/3/2015,77.4,62.6,48.3,2,0
5/4/2015,81.6,67.7,52.8,1,0
5/5/2015,81.7,70.3,60.9,53,0.075
5/6/2015,76.2,67,61.3,55,0.071
5/7/2015,77.7,66.3,54.1,3,0
5/8/2015,81.4,68.4,55.5,3,0
5/9/2015,74.8,65.4,56.8,51,0.02
5/10/2015,81.4,71.2,63.7,3,0
5/11/2015,79.1,71.9,65.6,51,0.016
5/12/2015,85.9,76.1,67.3,3,0
5/13/2015,69,62.6,56.3,3,0
5/14/2015,69.8,59.6,48.7,2,0
5/15/2015,73.2,62.2,51.6,3,0
5/16/2015,83,69.6,58.3,61,0.335
5/17/2015,81.7,73.5,66.4,53,0.051
5/18/2015,82.4,72.2,64.3,51,0.039
5/19/2015,81.9,69.4,60,61,0.197
5/20/2015,69.9,63,55.8,3,0
5/21/2015,57.3,53.5,51.5,51,0.035
5/22/2015,72.4,61.6,50.4,3,0
5/23/2015,68.5,59.1,50.1,1,0
5/24/2015,78.5,65,48.8,3,0
5/25/2015,83.8,72,59.4,3,0
5/26/2015,85.7,74.8,64.3,3,0
5/27/2015,86.6,76.1,69,53,0.071
5/28/2015,87.6,76.5,67.8,61,0.059
5/29/2015,84.6,74.8,64.9,3,0
5/30/2015,86,75.8,66.8,3,0
5/31/2015,88,77.4,68.9,3,0
6/1/2015,82.5,69.6,59,63,0.925
6/2/2015,58.6,55.1,53.8,63,0.87
6/3/2015,67.2,59.1,53.7,53,0.059
6/4/2015,66.8,59.9,56.4,3,0
6/5/2015,64.9,59.3,54.6,51,0.043
6/6/2015,75.6,66.7,57.3,61,0.339
6/7/2015,73.5,64.1,53.1,3,0
6/8/2015,80.5,70.7,61.5,53,0.091
6/9/2015,81.8,74.2,68.2,61,0.102
6/10/2015,81.3,72.7,63.7,3,0
6/11/2015,90.1,78.4,68.1,53,0.035
6/12/2015,90.9,80.6,70.4,51,0.016
6/13/2015,85.2,79.2,74.1,3,0
6/14/2015,87.9,79,72.6,53,0.047
6/15/2015,86.4,78.1,71,63,0.476
6/16/2015,88.3,79.9,72,61,0.083
6/17/2015,82.6,74.2,67.6,3,0
6/18/2015,74.6,69.1,64.7,63,0.555
6/19/2015,83.1,75.3,67.5,51,0.055
6/20/2015,81.6,74.4,69.2,53,0.031
6/21/2015,86.7,78.4,72,63,0.898
6/22/2015,85.4,78.3,69.4,3,0
6/23/2015,92.4,80.8,73.6,51,0.028
6/24/2015,82.2,74.8,67,3,0
6/25/2015,82.5,72.8,63.3,53,0.063
6/26/2015,80,72.4,65.8,61,0.098
6/27/2015,69.1,65.3,62,65,1.524
6/28/2015,77,69.6,63.6,53,0.134
6/29/2015,76.1,68.8,60.3,3,0
6/30/2015,82.5,73.1,63.2,61,0.098
7/1/2015,82.3,75.7,70.6,51,0.051
7/2/2015,76.1,70.9,64.2,55,0.134
7/3/2015,80.5,71.3,62.8,3,0
7/4/2015,76.4,71,66.1,51,0.004
7/5/2015,82.6,74.2,64.2,3,0
7/6/2015,84,74.6,67.9,53,0.094
7/7/2015,85.7,78.6,72.2,61,0.102
7/8/2015,88.7,79.7,74.2,55,0.055
7/9/2015,85.1,77.4,70.1,63,0.205
7/10/2015,83.5,75.9,67.2,3,0
7/11/2015,84.4,76.3,68.1,3,0
7/12/2015,86.6,77.3,68.9,3,0
7/13/2015,85.8,77,68.5,3,0
7/14/2015,84.4,76,70.1,61,0.126
7/15/2015,79,74.5,70.8,63,0.449
7/16/2015,79.8,72.2,65.1,3,0
7/17/2015,80.2,72.4,63.1,3,0
7/18/2015,86.3,77.9,70.6,51,0.039
7/19/2015,93.3,82.9,72.6,51,0.016
7/20/2015,93.1,84.4,78,51,0.02
7/21/2015,88.5,82.1,74.7,53,0.031
7/22/2015,85.2,77.3,69.1,3,0
7/23/2015,83.2,74.5,65.8,3,0
7/24/2015,85.2,75.3,64.1,3,0
7/25/2015,88,76.6,64.4,3,0
7/26/2015,88.1,78.3,69.7,63,0.161
7/27/2015,83.4,76.8,69.6,63,0.417
7/28/2015,89.4,79.9,70.3,3,0
7/29/2015,89.2,81.4,73,3,0
7/30/2015,89.1,79.7,73.6,65,1.098
7/31/2015,87.9,78.5,69.8,2,0
8/1/2015,86.2,78.9,71.9,2,0
8/2/2015,86.8,77.1,65.7,3,0
8/3/2015,88.7,79.1,69.3,3,0
8/4/2015,88.8,80,71.4,51,0.008
8/5/2015,88.3,78.2,68.5,3,0
8/6/2015,82.6,74.3,64.5,53,0.031
8/7/2015,82.3,74.1,66.4,53,0.083
8/8/2015,82.7,73.6,65,3,0
8/9/2015,85,75.1,65.6,3,0
8/10/2015,80.2,72.4,67.5,53,0.035
8/11/2015,82.3,73.7,69.3,63,0.803
8/12/2015,81.4,74.2,67.4,2,0
8/13/2015,81,72.4,63.2,2,0
8/14/2015,86.4,75.2,62.3,2,0
8/15/2015,88.5,78.1,67.1,2,0
8/16/2015,90.9,79.5,68.8,51,0.008
8/17/2015,91.1,81.1,71,2,0
8/18/2015,90.3,79.8,72.2,3,0
8/19/2015,87,79.3,72.7,3,0
8/20/2015,85.9,78.3,73.5,63,0.197
8/21/2015,85.1,77.4,71.6,63,0.24
8/22/2015,82.9,74.4,66,3,0
8/23/2015,82.9,73,60.9,3,0
8/24/2015,87.3,76.2,65.1,3,0
8/25/2015,87,77.8,71.1,51,0.008
8/26/2015,81.3,72.1,64.5,3,0
8/27/2015,80.8,71.2,62.6,3,0
8/28/2015,81.2,71.6,61.6,3,0
8/29/2015,83.6,74.7,65,3,0
8/30/2015,88,77.4,66.4,3,0
8/31/2015,87.6,78.8,73.2,53,0.028
9/1/2015,90.9,80.6,70,3,0
9/2/2015,90.4,81.3,71.6,3,0
9/3/2015,93.6,80,70.6,63,0.362
9/4/2015,85,77.1,71.9,55,0.114
9/5/2015,82,74.1,68.4,3,0
9/6/2015,83.3,72.4,60.6,3,0
9/7/2015,87.8,76.1,64.3,3,0
9/8/2015,91.1,79.8,69.9,1,0
9/9/2015,90.6,80.4,73.4,53,0.039
9/10/2015,77.7,72.6,69.2,63,1.492
9/11/2015,80.8,72.3,67.2,63,0.118
9/12/2015,77.3,70,65,63,0.508
9/13/2015,72.3,65.9,62.3,3,0
9/14/2015,73.5,64.3,56.9,0,0
9/15/2015,80.3,67.8,55.6,1,0
9/16/2015,83.6,70.8,58.3,2,0
9/17/2015,83.7,72,60.4,2,0
9/18/2015,82.9,71.8,61.7,1,0
9/19/2015,82.2,71.9,62,3,0
9/20/2015,77.5,71,65.4,2,0
9/21/2015,71.2,63.9,58.6,3,0
9/22/2015,70.9,65.2,61.6,3,0
9/23/2015,77.6,66.8,58.1,3,0
9/24/2015,79.5,67.4,55.2,3,0
9/25/2015,74.3,66.7,61.8,3,0
9/26/2015,69.3,64.1,60.7,3,0
9/27/2015,74.4,64.5,59.6,51,0.016
9/28/2015,80.1,69.4,60.4,3,0
9/29/2015,80.5,72,64.9,61,0.26
9/30/2015,77.1,71.9,64.8,63,0.472
10/1/2015,63.7,58,55.2,61,0.465
10/2/2015,56,50.2,47.5,63,1.646
10/3/2015,55.4,51.5,48.2,53,0.126
10/4/2015,59.4,56.6,54.3,3,0
10/5/2015,64.3,56.8,50,3,0
10/6/2015,72,59.8,48.3,3,0
10/7/2015,72.2,63.7,57.3,3,0
10/8/2015,71,63.6,56.9,51,0.008
10/9/2015,77.1,66.7,58.5,55,0.094
10/10/2015,63.2,57.3,51.2,3,0
10/11/2015,68.1,56.7,47.5,3,0
10/12/2015,73.2,60.1,49.5,0,0
10/13/2015,70.9,63,55.8,53,0.028
10/14/2015,65.2,59.3,53.2,3,0
10/15/2015,62.5,56.4,50,3,0
10/16/2015,62.6,55.5,50.5,3,0
10/17/2015,55.8,49.4,42.9,3,0
10/18/2015,49.5,42.7,35.8,51,0.004
10/19/2015,52.4,42.6,33,0,0
10/20/2015,68,54.4,44.4,3,0
10/21/2015,73.7,59.3,47.8,3,0
10/22/2015,74.6,61,49.7,51,0.02
10/23/2015,62.2,56.9,48.6,2,0
10/24/2015,60,50.9,40.9,3,0
10/25/2015,67.5,58.8,54.6,53,0.035
10/26/2015,58.8,51.2,44.5,3,0
10/27/2015,58.7,49.8,40.9,3,0
10/28/2015,66.3,60,52.1,63,1.047
10/29/2015,68,64.3,56.8,53,0.098
10/30/2015,57.6,52.3,46.6,3,0
10/31/2015,55.4,47.1,37.8,3,0
11/1/2015,66.3,56.6,47.8,51,0.012
11/2/2015,64.5,56.3,51,3,0
11/3/2015,71.2,56.2,43.6,2,0
11/4/2015,74,59.2,48.5,0,0
11/5/2015,67.1,60.4,53.8,51,0.024
11/6/2015,71.1,66.3,62.5,51,0.02
11/7/2015,66.4,60,54.2,3,0
11/8/2015,56.4,50.5,44.7,3,0
11/9/2015,58,50.1,43,3,0
11/10/2015,60.9,55.6,50.6,55,0.319
11/11/2015,62.6,56.2,52,61,0.079
11/12/2015,59.1,54.3,48.3,61,0.189
11/13/2015,55.9,52.6,46.5,3,0
11/14/2015,49.3,45,41,3,0
11/15/2015,59.1,46.3,35.7,3,0
11/16/2015,66.3,53,43.9,0,0
11/17/2015,54.1,48.2,43.9,3,0
11/18/2015,61.1,51.7,42,3,0
11/19/2015,63.1,60.3,57.9,63,0.772
11/20/2015,60.2,51.6,41,3,0
11/21/2015,51.3,44.9,38.7,3,0
11/22/2015,49.1,46.3,40.9,3,0
11/23/2015,41.5,36.5,30.5,3,0
11/24/2015,48.2,37.6,29.2,3,0
11/25/2015,50.5,40.9,31.6,2,0
11/26/2015,61.2,47,36.3,3,0
11/27/2015,64.5,51.6,42.1,3,0
11/28/2015,59.3,53.3,48.6,51,0.02
11/29/2015,48.1,44.3,39.3,53,0.098
11/30/2015,46.9,40.9,33.8,53,0.02
12/1/2015,52.3,49.4,43.8,61,0.461
12/2/2015,56.3,52.6,49.4,55,0.276
12/3/2015,54,46,42,3,0
12/4/2015,50.5,43.4,38.4,3,0
12/5/2015,49.5,40.7,32.8,0,0
12/6/2015,51.3,40,31.4,3,0
12/7/2015,54.3,42.5,34.5,3,0
12/8/2015,47.8,40.4,33.6,3,0
12/9/2015,54.5,44.2,35.3,3,0
12/10/2015,58.1,48.8,42.2,51,0.012
12/11/2015,62.3,50.6,42.5,3,0
12/12/2015,67.4,55.6,47.3,3,0
12/13/2015,70.6,59,51.9,3,0
12/14/2015,67.4,60.4,54.3,61,0.134
12/15/2015,65.1,57.2,49.2,53,0.063
12/16/2015,52.2,48.6,43.5,3,0
12/17/2015,54.2,50,45.1,63,0.866
12/18/2015,52.3,46.2,39.3,3,0
12/19/2015,39.6,35.9,31.7,3,0
12/20/2015,41.9,35.1,30.2,3,0
12/21/2015,52,44.4,33,3,0
12/22/2015,58.4,54.2,51,61,0.268
12/23/2015,65.1,57.4,52.6,65,1.417
12/24/2015,69.1,66,61,61,0.098
12/25/2015,66.9,62.3,59.2,63,0.811
12/26/2015,59.3,53.2,50.5,51,0.004
12/27/2015,63.9,56,47.7,53,0.094
12/28/2015,45.1,42,39.7,51,0.016
12/29/2015,54.8,47.8,40.6,61,0.575
12/30/2015,51.7,47.3,42,53,0.063
12/31/2015,50.3,47.3,41.3,51,0.016
1/1/2016,43.4,38.8,34,3,0
1/2/2016,42,34.8,29.5,1,0
1/3/2016,45.6,36.2,30.2,1,0
1/4/2016,33.9,28.8,19.1,3,0
1/5/2016,30.4,21.2,14.3,0,0
1/6/2016,38.4,26.7,19.3,0,0
1/7/2016,39.7,32.4,25.3,3,0
1/8/2016,43.4,38.1,34.6,51,0.004
1/9/2016,51.6,43.7,35.9,51,0.012
1/10/2016,59.1,52.6,37.4,63,0.917
1/11/2016,35.9,31.4,27,3,0
1/12/2016,41.7,31.6,23.3,3,0
1/13/2016,28,25,22,3,0
1/14/2016,42.1,31.1,22.9,3,0
1/15/2016,50.7,39.3,30.9,55,0.094
1/16/2016,49.8,42.9,38.4,61,0.331
1/17/2016,38.3,32.9,27.5,73,0.055
1/18/2016,29.6,24.4,19.5,2,0
1/19/2016,27.9,21.5,15.4,0,0
1/20/2016,34.8,27.4,22.5,3,0
1/21/2016,35.3,29.3,25.8,71,0
1/22/2016,29.2,25.7,23.1,73,0.126
1/23/2016,27.3,25.8,24,75,1.913
1/24/2016,30.4,22.9,15.8,71,0.012
1/25/2016,33.9,23.5,14.6,3,0
1/26/2016,44.4,34.7,25,3,0
1/27/2016,40,35.3,26.4,51,0.024
1/28/2016,37.8,26.4,16.9,3,0
1/29/2016,38.5,28.8,17.3,3,0
1/30/2016,36.1,27.2,15.9,1,0
1/31/2016,46.4,38.3,32.5,3,0
2/1/2016,50.4,42.9,36.1,53,0.055
2/2/2016,48.6,35.7,27.4,3,0
2/3/2016,58.3,47.9,31.1,63,0.642
2/4/2016,56,50,44.5,61,0.091
2/5/2016,43.1,35.8,28.3,75,0.512
2/6/2016,41.2,33.3,28.9,3,0
2/7/2016,47,36.4,28.8,3,0
2/8/2016,40.8,36.2,31.6,71,0.016
2/9/2016,40.6,33.2,29.7,73,0.138
2/10/2016,36.2,32.7,28.4,71,0.035
2/11/2016,27.9,24.3,21.4,3,0
2/12/2016,26.3,20.8,14.6,3,0
2/13/2016,20.6,18,11.3,71,0
2/14/2016,18.5,12.4,5.8,3,0
2/15/2016,34.5,24,14.7,73,0.193
2/16/2016,55.1,45.8,32.4,63,0.488
2/17/2016,41.9,35.4,29.9,3,0
2/18/2016,36.1,30.7,26.6,3,0
2/19/2016,37,30,24,3,0
2/20/2016,59.5,46.5,33.9,3,0
2/21/2016,56.9,47,36.6,51,0.035
2/22/2016,50.4,41.6,32.2,53,0.055
2/23/2016,43.5,38,33.4,61,0.311
2/24/2016,61.3,50.7,39.2,63,0.862
2/25/2016,60.9,48,38,63,0.205
2/26/2016,39.9,35.2,30.7,3,0
2/27/2016,41.3,33.3,26.2,3,0
2/28/2016,59.3,44.4,32.4,2,0
2/29/2016,59.6,50.5,44.3,51,0.031
3/1/2016,59.3,47.4,36.4,3,0
3/2/2016,57.3,43.6,32.4,61,0.161
3/3/2016,38.2,32.7,26.5,3,0
3/4/2016,39.3,33.8,30.1,73,0.13
3/5/2016,41.1,33.7,26.7,3,0
3/6/2016,44.9,36.7,29.6,3,0
3/7/2016,57.9,43.1,30.7,3,0
3/8/2016,71.1,54.9,42.4,3,0
3/9/2016,77.1,59.2,44.2,3,0
3/10/2016,78,65.1,53.4,3,0
3/11/2016,65.4,59.7,49.4,55,0.087
3/12/2016,60.8,49.5,38.7,3,0
3/13/2016,57.9,51.7,46.9,53,0.13
3/14/2016,47.7,46,43.7,61,0.417
3/15/2016,52.6,48,44.3,53,0.02
3/16/2016,68.1,54.6,44.8,53,0.055
3/17/2016,61.4,51.4,42.6,51,0.004
3/18/2016,59.1,50.4,42.3,2,0
3/19/2016,43.8,40.4,36,51,0.016
3/20/2016,40.9,36.8,34.1,73,0.122
3/21/2016,48.7,39.6,31.4,73,0.067
3/22/2016,55.5,43.1,29.9,2,0
3/23/2016,69.9,56.8,47.3,3,0
3/24/2016,68.2,56.1,42.5,3,0
3/25/2016,70.8,62.2,51.7,63,0.154
3/26/2016,56.4,47.2,37.5,3,0
3/27/2016,57.2,48.6,43,3,0
3/28/2016,62.9,51.8,44.2,61,0.35
3/29/2016,54.9,47.8,41.9,3,0
3/30/2016,56.6,44.5,32.2,3,0
3/31/2016,70.6,59.5,46,3,0
4/1/2016,75.4,66.6,62.5,53,0.087
4/2/2016,61,54.9,49.4,61,0.228
4/3/2016,47.7,39.8,33.1,53,0.039
4/4/2016,61.5,47.7,37,61,0.272
4/5/2016,42.9,36.1,30.2,3,0
4/6/2016,50.1,39.8,28.3,3,0
4/7/2016,57.3,52.2,46.9,63,0.685
4/8/2016,49.3,44.4,39.3,3,0
4/9/2016,40.9,37.4,34.7,75,0.457
4/10/2016,48.6,38.7,29.2,3,0
4/11/2016,64.5,51.1,38.7,51,0.024
4/12/2016,59.3,54.9,45.3,61,0.24
4/13/2016,55.1,45.9,36.2,2,0
4/14/2016,60.4,48,35.7,2,0
4/15/2016,61.5,49.6,36.6,0,0
4/16/2016,63.6,51.3,39.3,3,0
4/17/2016,70.3,54.6,39,2,0
4/18/2016,77.4,61.5,47,3,0
4/19/2016,71,60.4,50.1,3,0
4/20/2016,67.3,56.5,45.6,1,0
4/21/2016,69.3,57.8,44.7,3,0
4/22/2016,77,65.9,58.6,61,0.067
4/23/2016,68.1,62.2,54.6,55,0.169
4/24/2016,65.6,55,44.9,1,0
4/25/2016,73.5,60.1,46.1,3,0
4/26/2016,82.3,67,57.5,61,0.15
4/27/2016,57.3,51.6,48.6,51,0.012
4/28/2016,56.2,48.7,45.3,61,0.248
4/29/2016,51.6,47.9,45.1,53,0.051
4/30/2016,58,51.8,45.6,51,0.004
5/1/2016,52.8,49.8,47.2,61,0.283
5/2/2016,69.4,55.8,47.5,63,0.244
5/3/2016,58.5,55.3,52.7,63,0.937
5/4/2016,54.9,51,48.5,61,0.15
5/5/2016,55.2,50.8,47.8,51,0.031
5/6/2016,53.6,50.2,48.2,63,0.965
5/7/2016,61.2,53.8,48,53,0.051
5/8/2016,66.1,56.2,47.6,53,0.071
5/9/2016,69.6,58.3,46.6,3,0
5/10/2016,58.9,54.9,51.2,3,0
5/11/2016,69,58.7,49.4,51,0.012
5/12/2016,73.9,64.1,53.7,51,0.02
5/13/2016,66.1,61.1,57.7,61,0.366
5/14/2016,73.2,61.8,52.7,53,0.047
5/15/2016,55.3,51.2,46.7,51,0.012
5/16/2016,64.2,51.9,41.4,3,0
5/17/2016,60.1,53.2,49.2,55,0.098
5/18/2016,65.2,56.1,46.6,3,0
5/19/2016,69.9,60.8,53.2,3,0
5/20/2016,73.4,62.2,48.8,3,0
5/21/2016,60.1,56.5,52.8,61,0.354
5/22/2016,64.9,57,51.1,53,0.213
5/23/2016,72.6,60.9,50.3,61,0.213
5/24/2016,79.7,66.3,55.6,53,0.039
5/25/2016,84.7,71.4,55.9,3,0
5/26/2016,86.9,74.7,60.8,3,0
5/27/2016,86.7,77.3,68.2,53,0.02
5/28/2016,87.8,77.6,68.4,51,0.016
5/29/2016,85.2,75.4,64.8,53,0.035
5/30/2016,78.9,73.2,69.2,63,0.551
5/31/2016,85.6,76.2,68.7,51,0.012
6/1/2016,84.1,74.5,65.7,3,0
6/2/2016,80.2,71,62.9,3,0
6/3/2016,71.9,67.3,63.9,61,0.516
6/4/2016,80.5,72.4,65.6,51,0.004
6/5/2016,80.8,71.1,66,63,0.535
6/6/2016,81.7,74,66.7,3,0
6/7/2016,82.9,73.7,66.3,61,0.067
6/8/2016,68.1,62.3,58,63,0.264
6/9/2016,72.8,62.9,53,3,0
6/10/2016,75.6,65.1,55.5,3,0
6/11/2016,88.5,73.2,57.5,51,0.012
6/12/2016,84.8,77.7,67,3,0
6/13/2016,78,68.2,59.1,3,0
6/14/2016,78.4,68.8,60,3,0
6/15/2016,80.1,69.3,58,51,0.004
6/16/2016,74.2,67.6,63.9,63,0.287
6/17/2016,80.6,71.3,64,51,0.004
6/18/2016,82.7,71.2,57.7,3,0
6/19/2016,88.8,76.9,64.2,3,0
6/20/2016,89.6,79,66.4,3,0
6/21/2016,82.6,75.4,70.6,63,0.598
6/22/2016,84.5,75.3,68.4,3,0
6/23/2016,82.3,73.6,66.3,51,0.035
6/24/2016,80.2,73.2,67.4,53,0.035
6/25/2016,83.1,74.2,65.2,3,0
6/26/2016,84.9,74.4,64.7,3,0
6/27/2016,84.8,73.1,62.4,63,0.307
6/28/2016,78.8,73.2,69.8,61,0.299
6/29/2016,82.3,74.4,66.9,53,0.031
6/30/2016,83.4,74.2,64.2,3,0
7/1/2016,84.4,74.9,67.8,61,0.083
7/2/2016,79.5,73,65.9,3,0
7/3/2016,78,70.5,63.4,3,0
7/4/2016,80.2,70.7,63,61,0.213
7/5/2016,87,77.2,68.2,63,0.567
7/6/2016,91,81.4,70.6,3,0
7/7/2016,90.7,82.7,73.3,3,0
7/8/2016,90.7,80.9,73.6,63,0.504
7/9/2016,80,74.5,72.3,61,0.291
7/10/2016,81.9,75.1,69,3,0
7/11/2016,83,73.6,63.1,3,0
7/12/2016,83.8,75.1,65.5,51,0.004
7/13/2016,80.7,75.4,70.3,53,0.083
7/14/2016,91.5,82,73.6,53,0.031
7/15/2016,90.2,83.3,75.7,3,0
7/16/2016,91.7,80.9,73.8,63,0.307
7/17/2016,90.2,81,71.6,3,0
7/18/2016,93.6,82.6,75.3,3,0
7/19/2016,87.8,80.2,73.4,3,0
7/20/2016,84.3,76.9,70.2,3,0
7/21/2016,88.5,78.1,67.7,3,0
7/22/2016,94.1,82.8,72.4,51,0.008
7/23/2016,96.3,86.3,76.4,1,0
7/24/2016,95.7,84.2,71.7,3,0
7/25/2016,94.2,84.1,74.5,63,0.307
7/26/2016,92.4,83.5,73.3,3,0
7/27/2016,91.7,83.4,75.7,3,0
7/28/2016,92,82.7,75.8,61,0.11
7/29/2016,85.8,78.3,70.7,63,0.776
7/30/2016,84.8,79,73.9,51,0.039
7/31/2016,85.5,77.6,73.4,61,0.354
8/1/2016,82.5,75.7,72.2,63,0.472
8/2/2016,79.1,73.9,70.8,53,0.047
8/3/2016,81.1,73.2,65.1,3,0
8/4/2016,82.3,73.2,63.4,3,0
8/5/2016,82,74.5,65.9,51,0.016
8/6/2016,88.7,79.2,72.8,51,0.031
8/7/2016,86.7,78.5,68.9,1,0
8/8/2016,83.4,76.7,69,3,0
8/9/2016,85.1,77.5,69.5,51,0.004
8/10/2016,87.6,81.1,75.1,51,0.016
8/11/2016,89.8,81.8,75.6,63,0.26
8/12/2016,93.5,84.3,78.1,63,0.13
8/13/2016,93.2,85.4,79.7,53,0.067
8/14/2016,94.2,86.1,79.9,3,0
8/15/2016,91.5,82.5,74.7,55,0.047
8/16/2016,87,80.1,75.1,63,0.528
8/17/2016,87.9,82.3,76.7,3,0
8/18/2016,85.7,79.1,72.8,63,0.291
8/19/2016,87.3,79.7,72.6,2,0
8/20/2016,87,78.4,70,3,0
8/21/2016,82.7,76.4,71.3,61,0.22
8/22/2016,80.1,72.7,66.5,1,0
8/23/2016,81.6,71.3,60,0,0
8/24/2016,84.4,74.2,63.6,3,0
8/25/2016,86.1,76.2,67.3,51,0.02
8/26/2016,91.6,82.3,74.7,1,0
8/27/2016,90,80.2,70.8,3,0
8/28/2016,87.9,78.7,69.4,2,0
8/29/2016,91.5,80.6,70.9,3,0
8/30/2016,87,78.2,69.4,3,0
8/31/2016,89.7,79.2,69.9,3,0
9/1/2016,79.6,74.1,71.1,63,0.744
9/2/2016,79.8,72.1,64.5,3,0
9/3/2016,75.9,69.7,66.3,3,0
9/4/2016,79.6,70.4,63.2,3,0
9/5/2016,85.8,71.9,61.5,3,0
9/6/2016,85,76.9,69.9,3,0
9/7/2016,87.2,78.1,71.7,3,0
9/8/2016,92.2,80.1,70.4,51,0.012
9/9/2016,92.4,83.9,77.5,3,0
9/10/2016,92.8,82.7,75.8,53,0.028
9/11/2016,83.5,79.1,72.2,3,0
9/12/2016,80.5,71.6,61.4,2,0
9/13/2016,83.2,72.7,62.9,3,0
9/14/2016,91.1,78.6,67.7,2,0
9/15/2016,77.4,70.3,62.9,51,0.012
9/16/2016,76.7,67.1,57.7,1,0
9/17/2016,81.6,69.7,58.3,3,0
9/18/2016,84.5,76.1,68.9,53,0.024
9/19/2016,74.4,71.2,69.3,63,0.937
9/20/2016,80.6,73.4,68.6,3,0
9/21/2016,83.3,74.3,66.8,3,0
9/22/2016,84,72.2,61.3,2,0
9/23/2016,87,73.3,60.3,3,0
9/24/2016,71.3,66.3,61.3,51,0.02
9/25/2016,71.6,62.5,53.5,3,0
9/26/2016,72.1,63.4,53,3,0
9/27/2016,74.1,67.1,62.1,55,0.217
9/28/2016,74.8,64.1,56.2,61,0.083
9/29/2016,67.6,62.4,59.2,65,1.374
9/30/2016,61.8,60.1,57.5,63,0.606
10/1/2016,65.1,61.6,58.2,55,0.22
10/2/2016,69.6,64,60.9,51,0.047
10/3/2016,72,65.4,60,51,0.02
10/4/2016,68.7,62.7,56.9,51,0.004
10/5/2016,68.2,61.1,55.1,2,0
10/6/2016,72.6,62.6,55,3,0
10/7/2016,72.7,61.6,52.2,3,0
10/8/2016,67,62.5,57.6,55,0.236
10/9/2016,63.1,58.5,53.6,63,0.598
10/10/2016,62.7,53.8,47.4,0,0
10/11/2016,63.7,53.1,43.3,3,0
10/12/2016,67.1,57,48.2,3,0
10/13/2016,69.9,59.4,51.3,3,0
10/14/2016,63.3,55.7,47.1,3,0
10/15/2016,65.3,55.2,44.1,3,0
10/16/2016,71,59.3,49.2,3,0
10/17/2016,80.2,67.7,58,51,0.016
10/18/2016,81.4,70.3,62.1,0,0
10/19/2016,83.6,73.6,67.5,2,0
10/20/2016,78,69.4,63.1,3,0
10/21/2016,76.4,69,58.9,61,0.134
10/22/2016,55.4,50.7,47.8,61,0.472
10/23/2016,62.6,53.7,46.8,3,0
10/24/2016,62.9,57.4,51,2,0
10/25/2016,53.8,49,43.2,3,0
10/26/2016,51.7,44.5,36.6,3,0
10/27/2016,57.9,49.7,43.3,61,0.39
10/28/2016,57.4,49.5,42.6,51,0.004
10/29/2016,66.2,52.7,38.6,3,0
10/30/2016,78.6,66.8,55.9,63,0.177
10/31/2016,55.3,51.2,47.2,3,0
11/1/2016,58.2,49.3,39.3,3,0
11/2/2016,71.1,58.3,48.9,3,0
11/3/2016,73.8,62.8,56.4,51,0.02
11/4/2016,60.1,54.1,46.7,2,0
11/5/2016,62.8,50.7,40.8,0,0
11/6/2016,60.6,53.1,46.9,3,0
11/7/2016,54.9,46.3,38.2,1,0
11/8/2016,66.9,50.7,37.3,3,0
11/9/2016,55.1,50.7,46.1,53,0.22
11/10/2016,56.7,48.2,40.9,3,0
11/11/2016,61.7,51.6,41.9,2,0
11/12/2016,50.1,41.9,35.6,3,0
11/13/2016,59.1,45.2,35.9,2,0
11/14/2016,60.9,47.3,37.2,3,0
11/15/2016,58.9,50.4,44.2,51,0.004
11/16/2016,61.1,48.8,38,51,0.024
11/17/2016,60.1,50.3,44.2,0,0
11/18/2016,67.7,51.2,40.4,0,0
11/19/2016,68,52.4,38.3,55,0.091
11/20/2016,43.5,39.1,36.1,53,0.059
11/21/2016,42,37.9,35.2,3,0
11/22/2016,45.2,38.9,35.1,3,0
11/23/2016,48.2,38,29,3,0
11/24/2016,53.5,44.2,36.6,51,0.024
11/25/2016,55,47.1,42.6,51,0.067
11/26/2016,49.7,45,39.6,53,0.043
11/27/2016,48.5,42,38.1,3,0
11/28/2016,51.9,41.9,33.5,3,0
11/29/2016,59.1,53.8,43.5,63,0.693
11/30/2016,61.8,57.5,53.9,61,0.539
12/1/2016,63.8,52.4,43.1,61,0.126
12/2/2016,49.8,42.9,38.6,3,0
12/3/2016,48.8,43.1,38.6,3,0
12/4/2016,46.3,41.4,36.8,3,0
12/5/2016,49.6,42.8,37.6,73,0.24
12/6/2016,45.3,40.3,35.5,63,0.472
12/7/2016,46.5,42.4,35.8,53,0.079
12/8/2016,45.1,37.4,32.5,3,0
12/9/2016,38.6,33.2,29.9,3,0
12/10/2016,36,31.1,27.3,3,0
12/11/2016,33.9,30.1,26.4,71,0
12/12/2016,48.8,41.2,32.3,61,0.358
12/13/2016,43.3,36.7,30.8,3,0
12/14/2016,41.2,35.3,30.2,51,0.004
12/15/2016,32.1,25.4,19.7,71,0
12/16/2016,27,21.4,15.7,3,0
12/17/2016,40.7,32.3,25.5,75,0.575
12/18/2016,58,47.2,32.3,55,0.118
12/19/2016,31.7,29.1,26.3,3,0
12/20/2016,34,27,22.4,3,0
12/21/2016,43.7,32.1,25.8,3,0
12/22/2016,49.3,37.8,28.3,3,0
12/23/2016,45.7,37.3,32.6,3,0
12/24/2016,45.8,40.5,35.8,61,0.386
12/25/2016,48.3,38.7,31.1,2,0
12/26/2016,47.5,40.3,32.8,3,0
12/27/2016,60.7,53.1,43.7,51,0.016
12/28/2016,44.1,39.4,32.3,3,0
12/29/2016,44.3,36.1,29.6,73,0.252
12/30/2016,39.6,34.8,31.8,2,0
12/31/2016,43.6,35.9,27.7,3,0
1/1/2017,48.5,41.8,34.4,3,0
1/2/2017,42.7,38.8,32.7,53,0.256
1/3/2017,43.1,41.8,39.4,63,0.394
1/4/2017,51.4,44.2,35,51,0.004
1/5/2017,34.6,30.1,24.8,73,0.043
1/6/2017,33,29.5,24.3,73,0.087
1/7/2017,24.7,23,18.1,73,0.157
1/8/2017,23.4,17.4,13,3,0
1/9/2017,22.7,14.4,5.2,3,0
1/10/2017,37.8,27.1,9.3,51,0.008
1/11/2017,50.9,43.5,36.9,63,0.283
1/12/2017,62.5,55.2,45.2,55,0.142
1/13/2017,58.4,46.9,35.7,53,0.035
1/14/2017,36,33.3,29.8,73,0.079
1/15/2017,41.7,33.6,27.9,51,0.004
1/16/2017,43.2,32.5,23.1,53,0.02
1/17/2017,44.5,39.9,35.4,63,0.303
1/18/2017,47.7,42.7,39.2,51,0.016
1/19/2017,51.1,43.1,37.8,3,0
1/20/2017,43.8,38.2,30.6,55,0.138
1/21/2017,49,44.7,41.5,3,0
1/22/2017,52.7,47.2,44.1,51,0.024
1/23/2017,46.9,40.5,36.5,61,0.429
1/24/2017,42.3,38.7,36,61,0.449
1/25/2017,52.5,43.8,37,3,0
1/26/2017,51.7,45.2,41.3,61,0.114
1/27/2017,42.5,39.1,34.2,3,0
1/28/2017,41.1,35.4,28.9,3,0
1/29/2017,42.4,35.7,29.8,3,0
1/30/2017,37.7,32.5,28,51,0.004
1/31/2017,42.3,31.6,23.9,73,0.047
2/1/2017,50,41.2,29.9,3,0
2/2/2017,45.4,37,28.4,3,0
2/3/2017,34.9,29.7,23.5,3,0
2/4/2017,35.2,27.1,20.6,3,0
2/5/2017,45.3,35.5,27.1,3,0
2/6/2017,51.8,40.4,31.9,3,0
2/7/2017,60,47.7,39.3,55,0.083
2/8/2017,61.4,55.7,47.8,3,0
2/9/2017,45,31,19.7,75,0.622
2/10/2017,31.1,24.6,17.1,71,0.004
2/11/2017,55.7,40.8,29.9,3,0
2/12/2017,42,39,35.8,55,0.15
2/13/2017,40.7,36,30.9,51,0.008
2/14/2017,44.3,33.5,23.3,3,0
2/15/2017,50.5,38.2,30.4,51,0.008
2/16/2017,38,32.7,26.9,3,0
2/17/2017,44.3,32.6,24.8,3,0
2/18/2017,62,43.7,28,3,0
2/19/2017,67,56.6,50.1,3,0
2/20/2017,55.5,47.8,40.4,1,0
2/21/2017,51.9,41.1,30.1,3,0
2/22/2017,58.2,45.7,38.9,55,0.122
2/23/2017,69.6,54.4,40.7,3,0
2/24/2017,71.7,60.4,50.9,3,0
2/25/2017,71.3,60.2,47.3,63,0.382
2/26/2017,44.9,39.2,33.5,3,0
2/27/2017,54.4,42.1,30.8,3,0
2/28/2017,65.3,52.7,42.1,55,0.138
3/1/2017,74.1,61.2,53.8,55,0.138
3/2/2017,59.8,47.6,37.9,51,0.004
3/3/2017,39.3,34.1,29,51,0.004
3/4/2017,36,27.5,21.3,3,0
3/5/2017,38.4,25.1,16,0,0
3/6/2017,49.5,35.3,22.2,3,0
3/7/2017,63,50.2,39.4,53,0.134
3/8/2017,61.9,55,48,51,0.028
3/9/2017,61.7,54.5,47.7,2,0
3/10/2017,47.1,38.8,28.8,75,0.272
3/11/2017,30.4,24.9,18,3,0
3/12/2017,32.9,26.6,20.1,3,0
3/13/2017,39.5,28.6,19.4,71,0.016
3/14/2017,33.5,30.3,22.6,75,2.075
3/15/2017,29.3,23.1,16.4,71,0.035
3/16/2017,34.4,27,17.9,3,0
3/17/2017,41.5,30.4,19.5,3,0
3/18/2017,40.8,35.5,25.5,71,0.087
3/19/2017,48.8,39.2,31.8,51,0.004
3/20/2017,52.2,39.8,27.2,3,0
3/21/2017,56.8,46.2,40.5,3,0
3/22/2017,48.4,36.5,26.5,3,0
3/23/2017,44.8,32.1,20.8,0,0
3/24/2017,55.8,42.4,28.4,3,0
3/25/2017,75.8,57,47,55,0.126
3/26/2017,46.5,43.8,41.5,3,0
3/27/2017,60.6,49.6,41.8,61,0.189
3/28/2017,57,50.6,47.6,55,0.303
3/29/2017,60,50.8,42.4,3,0
3/30/2017,54.1,44,34,53,0.043
3/31/2017,55,44.6,38.3,63,1.169
4/1/2017,53.5,45.4,38.6,51,0.008
4/2/2017,61.5,49.3,37,3,0
4/3/2017,66.8,53.3,39.1,53,0.024
4/4/2017,71.9,62.2,51.4,63,0.618
4/5/2017,66.7,58.2,48.1,3,0
4/6/2017,61.5,50.4,44.5,63,0.673
4/7/2017,50.2,45.6,40,51,0.047
4/8/2017,58.1,46.3,36.6,3,0
4/9/2017,66.1,50.4,33.5,3,0
4/10/2017,76.1,59.9,43.7,3,0
4/11/2017,79.2,66.3,55,3,0
4/12/2017,73.5,64.2,54.8,51,0.004
4/13/2017,65,56,46.1,3,0
4/14/2017,64.8,54.4,45,3,0
4/15/2017,67.4,57,45.2,3,0
4/16/2017,82.5,70.1,57.4,3,0
4/17/2017,69.8,65.6,57.7,61,0.193
4/18/2017,67.3,56.6,48.4,3,0
4/19/2017,62.6,53.1,44.6,3,0
4/20/2017,70.1,60.3,53,61,0.071
4/21/2017,66.5,56.8,50.8,63,0.559
4/22/2017,55.8,53.6,50.7,55,0.26
4/23/2017,64,53.3,43.7,3,0
4/24/2017,55.3,51.8,47.8,51,0.004
4/25/2017,54.3,53,51.3,63,0.76
4/26/2017,62.7,57.7,53.2,53,0.063
4/27/2017,78.8,65.3,55.8,51,0.02
4/28/2017,81.9,71.7,62.9,3,0
4/29/2017,86.4,73.6,63.2,3,0
4/30/2017,69.5,64.4,54.3,3,0
5/1/2017,80.2,67.7,55.2,51,0.016
5/2/2017,73.3,69.3,62.8,61,0.091
5/3/2017,62.8,58.7,52.2,3,0
5/4/2017,63.5,54.3,44.2,3,0
5/5/2017,66.7,59.4,52.2,65,1.354
5/6/2017,63.2,60.1,52.2,53,0.079
5/7/2017,55.8,51.2,46.2,51,0.024
5/8/2017,57.5,50,41.2,51,0.028
5/9/2017,61.3,52,40.9,3,0
5/10/2017,66.2,54.7,42,3,0
5/11/2017,61.8,53.3,46.1,51,0.004
5/12/2017,58.5,53.7,48.7,3,0
5/13/2017,51.3,50.1,49.2,63,1.717
5/14/2017,68.1,57.3,44,51,0.008
5/15/2017,67.5,59.1,50,3,0
5/16/2017,76.6,63.6,47.1,3,0
5/17/2017,87.3,71.7,55.2,3,0
5/18/2017,87.8,78.5,69.4,3,0
5/19/2017,87.5,78,68.4,51,0.012
5/20/2017,72.1,61.5,56.8,53,0.059
5/21/2017,68.4,59.5,50.8,53,0.039
5/22/2017,65.5,59.5,56.2,63,0.791
5/23/2017,68.6,63,58.5,3,0
5/24/2017,67.7,61.5,57.5,51,0.024
5/25/2017,71,59.5,54.3,63,1.331
5/26/2017,74,65.6,57,53,0.051
5/27/2017,72.9,65,56.2,53,0.035
5/28/2017,75.6,66,58.4,53,0.126
5/29/2017,65.5,60.6,57.1,53,0.177
5/30/2017,66.3,60.7,55.8,53,0.087
5/31/2017,75.2,66.8,59.8,51,0.012
6/1/2017,77.4,68.9,57.8,1,0
6/2/2017,76,66,53.7,53,0.059
6/3/2017,74.1,62.6,51.9,51,0.008
6/4/2017,80.9,66.7,51.8,3,0
6/5/2017,72.1,68.4,64.5,61,0.244
6/6/2017,65.8,61.7,57.2,61,0.244
6/7/2017,64.3,58.7,51.5,51,0.008
6/8/2017,71.3,61.6,52,3,0
6/9/2017,77.4,65.5,49.9,3,0
6/10/2017,84.8,73.2,58.9,3,0
6/11/2017,90.6,78.9,65.9,2,0
6/12/2017,92.8,81.2,67.1,1,0
6/13/2017,93.8,83.1,71.6,3,0
6/14/2017,82.3,76.6,69.6,61,0.098
6/15/2017,82.5,73,66.2,3,0
6/16/2017,79.3,70.7,63.7,51,0.016
6/17/2017,79.7,72.9,68.7,63,0.681
6/18/2017,86.8,78.3,72.9,63,0.398
6/19/2017,83.5,77.5,71.2,65,1.142
6/20/2017,84.2,76.5,71.3,51,0.008
6/21/2017,83.4,74.8,68,51,0.016
6/22/2017,86.1,76.3,65.8,3,0
6/23/2017,85.3,77.9,73.9,63,0.24
6/24/2017,85.6,78.8,69.6,63,0.354
6/25/2017,81.4,74.2,65,2,0
6/26/2017,78.3,71.2,61.7,3,0
6/27/2017,76.3,68.9,63.4,61,0.146
6/28/2017,79.9,69.1,57.8,3,0
6/29/2017,85.1,74.4,62.3,51,0.008
6/30/2017,89.1,80.1,72.1,3,0
7/1/2017,86.5,78.6,72.5,53,0.079
7/2/2017,87.5,79.2,69.7,3,0
7/3/2017,90.4,80.3,67.8,53,0.035
7/4/2017,86.3,77.5,70.2,61,0.173
7/5/2017,86.5,77.3,69.9,3,0
7/6/2017,76,71.3,68.1,61,0.425
7/7/2017,85.1,74.6,67.7,63,1.146
7/8/2017,85.7,76.4,68,3,0
7/9/2017,83.2,73.8,64.2,1,0
7/10/2017,86.1,74.9,64.1,53,0.106
7/11/2017,89,79.9,72.8,55,0.075
7/12/2017,91.1,82,74.6,61,0.087
7/13/2017,94.7,83.3,76.1,53,0.043
7/14/2017,84.7,76.3,73.3,63,0.72
7/15/2017,87.9,78,72.6,51,0.031
7/16/2017,87.3,77.1,66.4,3,0
7/17/2017,86.8,77.6,69.8,53,0.043
7/18/2017,90.1,79.4,71,51,0.016
7/19/2017,91.2,81.9,73.8,63,0.106
7/20/2017,95.5,84.5,73.9,3,0
7/21/2017,93.7,84.9,77,3,0
7/22/2017,94.7,84.5,74.5,61,0.118
7/23/2017,86.5,78.5,72.5,61,0.217
7/24/2017,86.2,76.7,69.7,63,0.602
7/25/2017,78.1,71.9,67,65,0.705
7/26/2017,78.3,71.2,66.7,51,0.035
7/27/2017,81.4,73.6,66.2,53,0.106
7/28/2017,85.9,76.4,69.9,53,0.063
7/29/2017,73.4,69,64.3,63,0.709
7/30/2017,81.8,71.3,60.6,0,0
7/31/2017,86,74.5,61,3,0
8/1/2017,88.6,77.5,65.9,51,0.012
8/2/2017,83.8,75.6,70.9,61,0.181
8/3/2017,86.4,76,68.4,63,0.201
8/4/2017,87.5,77.5,69.1,63,0.244
8/5/2017,80,73.7,67.5,63,0.39
8/6/2017,79.5,70.5,61.9,3,0
8/7/2017,68.7,67.5,65.7,63,1.878
8/8/2017,78.2,70.6,65.8,51,0.004
8/9/2017,83,72.6,62.4,3,0
8/10/2017,84.4,73,61.9,3,0
8/11/2017,82.6,73.4,65.4,53,0.043
8/12/2017,80.3,73.1,69.3,63,0.398
8/13/2017,84.4,74.7,66.5,3,0
8/14/2017,82.1,72.8,63.5,53,0.055
8/15/2017,76.2,72.5,70.2,65,1.051
8/16/2017,85.6,75.8,68.1,3,0
8/17/2017,85,75.9,66,51,0.039
8/18/2017,84.7,77,73.5,63,0.886
8/19/2017,87.9,79,72,3,0
8/20/2017,85.4,75.6,67.6,0,0
8/21/2017,85.9,75.5,64,55,0.047
8/22/2017,89.8,80.3,73.1,53,0.059
8/23/2017,84.5,77.2,68.6,53,0.11
8/24/2017,82.4,71.7,63.9,3,0
8/25/2017,78.6,70.8,64.3,3,0
8/26/2017,77.9,69.8,60,3,0
8/27/2017,79,68.7,60.5,3,0
8/28/2017,77.2,68,60.2,3,0
8/29/2017,66.8,65.1,62.4,61,0.72
8/30/2017,76.4,68,60.1,51,0.008
8/31/2017,82.9,72.4,63.5,51,0.004
9/1/2017,71.6,64.1,56.5,3,0
9/2/2017,66.2,61.3,56.1,63,0.295
9/3/2017,72.5,66.5,62.5,61,0.177
9/4/2017,80.6,69.7,59.2,2,0
9/5/2017,85.8,75.3,68.7,51,0.008
9/6/2017,69.3,65.7,62.3,63,0.811
9/7/2017,72,64.9,58.9,51,0.02
9/8/2017,72,63.4,56,2,0
9/9/2017,69.9,61.3,53.2,3,0
9/10/2017,73.6,62.9,53.8,3,0
9/11/2017,75.9,64,51.9,3,0
9/12/2017,79.5,67,54.7,3,0
9/13/2017,79.2,68.9,60.8,61,0.15
9/14/2017,77.2,71.2,64.9,53,0.083
9/15/2017,82,72.5,62.6,51,0.008
9/16/2017,83.3,74,65.4,51,0.02
9/17/2017,81.3,73.1,68.4,51,0.004
9/18/2017,76.9,71.4,67.1,51,0.024
9/19/2017,81.7,74,68.6,55,0.122
9/20/2017,86.5,75.9,68.5,3,0
9/21/2017,87.2,77,69.7,3,0
9/22/2017,86.4,75.3,67.2,3,0
9/23/2017,89.2,76.4,67.6,2,0
9/24/2017,91.1,78.3,68.4,1,0
9/25/2017,91.1,78.3,68.2,3,0
9/26/2017,87.6,75.5,68.3,3,0
9/27/2017,86.4,77,70.8,51,0.004
9/28/2017,79.1,72.4,61.8,0,0
9/29/2017,73.2,63.4,55,2,0
9/30/2017,65.7,60.8,54.5,51,0.008
10/1/2017,68.9,58.2,49,0,0
10/2/2017,74.2,61.1,50,0,0
10/3/2017,73.8,61.7,51,3,0
10/4/2017,75.5,63,51.7,3,0
10/5/2017,82.1,70,59.9,51,0.031
10/6/2017,80.4,71.9,62.8,51,0.016
10/7/2017,83.1,73.8,64.5,3,0
10/8/2017,76.2,74.1,72,61,0.244
10/9/2017,77.3,74.1,71.7,63,1.039
10/10/2017,84.3,73.6,64.2,3,0
10/11/2017,74.7,68.7,64.7,53,0.067
10/12/2017,65.6,61.6,59.1,63,0.5
10/13/2017,63.6,60.7,56.6,3,0
10/14/2017,72.8,65.7,61.6,51,0.031
10/15/2017,73.8,67.9,61,3,0
10/16/2017,71,59.7,49.6,53,0.122
10/17/2017,60.3,50.4,42.7,0,0
10/18/2017,70.8,56.4,44.9,1,0
10/19/2017,69.5,58.1,48.6,3,0
10/20/2017,72.6,61.5,53.6,1,0
10/21/2017,75.7,60.1,48.3,3,0
10/22/2017,74.2,60.9,52.2,3,0
10/23/2017,74.8,65.2,55,53,0.059
10/24/2017,71.1,68,58.2,65,1.047
10/25/2017,64.4,58.3,53.1,3,0
10/26/2017,58.5,52,46.2,51,0.012
10/27/2017,63.5,51.8,40.8,2,0
10/28/2017,69.3,58.6,48.6,3,0
10/29/2017,65.9,62.2,60.2,65,2.626
10/30/2017,59,51.7,44.9,61,0.295
10/31/2017,57.4,50.1,42.3,1,0
11/1/2017,62.8,50.5,39.2,3,0
11/2/2017,71.4,61,50.5,51,0.004
11/3/2017,74.8,63.1,53.4,3,0
11/4/2017,58.6,51,45,53,0.039
11/5/2017,65.5,57.5,50.1,61,0.209
11/6/2017,67.7,61.7,49.4,51,0.02
11/7/2017,49,44.2,40.4,63,0.583
11/8/2017,50.3,43.8,38.2,53,0.043
11/9/2017,55.2,49.1,43.4,3,0
11/10/2017,51.6,38.6,26,51,0.004
11/11/2017,38.8,29.9,23.1,3,0
11/12/2017,45.1,37.2,30.1,3,0
11/13/2017,43.7,40.6,35.9,55,0.201
11/14/2017,49.2,41.7,34.8,3,0
11/15/2017,50.5,43.5,37,3,0
11/16/2017,58.8,49.5,43.6,53,0.055
11/17/2017,48.1,42,35.2,3,0
11/18/2017,55.6,44.4,31.8,51,0.043
11/19/2017,57.9,51.1,40.8,63,0.299
11/20/2017,46.6,40.3,34.8,2,0
11/21/2017,56.3,47.2,38.6,3,0
11/22/2017,55.3,49.2,36.7,55,0.102
11/23/2017,42.5,34.7,28.9,0,0
11/24/2017,49.4,37.7,29,0,0
11/25/2017,55.6,44,33.3,3,0
11/26/2017,52.3,44.4,37.3,3,0
11/27/2017,51.9,42.8,36.9,3,0
11/28/2017,59.5,44.8,34,2,0
11/29/2017,61.6,50.8,43.3,1,0
11/30/2017,54.1,43.9,36.2,51,0.008
12/1/2017,52.4,45.8,39.1,53,0.028
12/2/2017,49.5,40.1,32.6,3,0
12/3/2017,52.1,41.6,34.3,3,0
12/4/2017,52.3,40.3,29.9,3,0
12/5/2017,63.8,53.6,44.1,63,0.264
12/6/2017,57.2,45,39.6,53,0.028
12/7/2017,46.3,40.4,35.6,3,0
12/8/2017,38.4,35.8,29.9,3,0
12/9/2017,35.4,33,30.3,73,0.327
12/10/2017,38,31.3,27,71,0.012
12/11/2017,42.9,33,25.6,71,0.008
12/12/2017,44.2,39.2,27,53,0.047
12/13/2017,30.8,24.8,19.6,73,0.012
12/14/2017,36.2,30.3,23.4,73,0.063
12/15/2017,28,24.6,21.9,73,0.161
12/16/2017,42.1,31.5,23,3,0
12/17/2017,43.5,35,26.9,3,0
12/18/2017,50.7,41.1,34.4,3,0
12/19/2017,55.8,47,39.4,3,0
12/20/2017,47.9,42.8,33,3,0
12/21/2017,41.6,33.2,27.7,2,0
12/22/2017,49.8,39.1,28.2,51,0.004
12/23/2017,58.1,48.6,42.4,63,0.72
12/24/2017,42.7,38.3,33.6,71,0.059
12/25/2017,40.6,35,27,53,0.106
12/26/2017,31.7,26.8,24.3,3,0
12/27/2017,28.2,23.2,19,71,0.008
12/28/2017,21.5,17.3,13.5,3,0
12/29/2017,26.2,18.1,13.8,3,0
12/30/2017,29,21,15.1,73,0.087
12/31/2017,19.5,15.8,10.6,71,0.004
1/1/2018,21,13.5,6.8,3,0
1/2/2018,25.9,17.6,11.8,1,0
1/3/2018,32.2,20.7,10.2,3,0
1/4/2018,25.6,23.4,16.2,75,0.48
1/5/2018,16.4,11.8,8.3,2,0
1/6/2018,13.7,8.4,4.6,2,0
1/7/2018,15.5,5.9,-7.4,3,0
1/8/2018,33.7,22.4,12.8,71,0.13
1/9/2018,41,33.7,25.1,3,0
1/10/2018,38,29.1,18.8,3,0
1/11/2018,59.1,45.5,33.4,3,0
1/12/2018,61.7,58.8,52.6,63,1.083
1/13/2018,60,37.6,20.5,63,0.252
1/14/2018,27.2,19.4,14.3,3,0
1/15/2018,32.6,24.3,17.4,3,0
1/16/2018,44.2,33.3,26.5,3,0
1/17/2018,33.7,29.4,20.4,73,0.15
1/18/2018,33.6,23.8,16.4,0,0
1/19/2018,44.6,31.8,23.9,3,0
1/20/2018,52.5,40,30,2,0
1/21/2018,48.5,40.5,31.9,3,0
1/22/2018,56.4,47.1,39.9,51,0.004
1/23/2018,58.7,51.2,44.6,63,0.579
1/24/2018,43.4,40.1,34,3,0
1/25/2018,36.1,29.3,23.4,3,0
1/26/2018,41,30,22.1,0,0
1/27/2018,55,42.7,27.5,3,0
1/28/2018,53.7,48.7,44.9,55,0.291
1/29/2018,44.1,41.2,37.1,51,0.047
1/30/2018,36.6,32.6,24.5,73,0.161
1/31/2018,32.3,24.3,16.3,3,0
2/1/2018,47.7,39.5,30.6,51,0.012
2/2/2018,38.8,29.2,19.9,71,0.244
2/3/2018,32,23.9,17.7,3,0
2/4/2018,40.4,34.1,27.9,73,0.827
2/5/2018,37.3,31,21.8,3,0
2/6/2018,41.1,30,20.9,3,0
2/7/2018,51.9,34.9,23.5,73,0.783
2/8/2018,35.1,28.8,23.5,3,0
2/9/2018,39.9,30.2,20.7,3,0
2/10/2018,51.6,42.8,33.1,63,0.543
2/11/2018,63,53.7,45.2,63,1.803
2/12/2018,61.2,45.1,32.9,53,0.059
2/13/2018,41.4,32.4,23.6,3,0
2/14/2018,53,40.8,32.5,53,0.031
2/15/2018,58,50.9,43.9,61,0.358
2/16/2018,58.9,52.5,40.5,63,0.602
2/17/2018,43.7,34.9,26.1,75,0.488
2/18/2018,47.7,37.1,30.4,71,0.016
2/19/2018,49.3,41,29.8,51,0.02
2/20/2018,69.3,56.9,48.7,3,0
2/21/2018,74.2,64.6,58.2,55,0.098
2/22/2018,55,45.9,39.6,55,0.283
2/23/2018,44.1,40.5,37.7,63,0.224
2/24/2018,50.8,46.8,42.7,61,0.106
2/25/2018,53.5,46.6,43,61,0.614
2/26/2018,51.5,46,39.1,3,0
2/27/2018,56.2,43.7,31.5,2,0
2/28/2018,58.6,47.4,38,3,0
3/1/2018,60.2,49.2,41.2,63,0.358
3/2/2018,45.5,39.4,35,75,1.484
3/3/2018,47.6,39.5,35.1,71,0.02
3/4/2018,46,38.4,31.3,3,0
3/5/2018,43.3,34.7,27,3,0
3/6/2018,47.7,36.7,25.3,51,0.012
3/7/2018,36.7,34.5,32.3,75,1.248
3/8/2018,38.5,33,27.9,3,0
3/9/2018,42.4,34,27,71,0.004
3/10/2018,43.9,34.5,26.3,3,0
3/11/2018,46.4,34.4,24.9,3,0
3/12/2018,43.9,35.2,26.7,51,0.043
3/13/2018,44.3,36.6,31.6,71,0.075
3/14/2018,41.5,33.8,26.8,71,0.008
3/15/2018,46.8,37,29.9,51,0.016
3/16/2018,40.3,34.7,28.8,71,0.008
3/17/2018,49.1,36.3,25.4,3,0
3/18/2018,48.7,37.5,27.7,0,0
3/19/2018,50.6,39.8,30.9,3,0
3/20/2018,35.1,32.8,30.3,75,0.295
3/21/2018,35.4,33.2,32.1,75,0.791
3/22/2018,44.9,36.7,31.5,73,0.059
3/23/2018,47.4,36.9,26.9,3,0
3/24/2018,49.2,38.3,27.2,3,0
3/25/2018,46.7,36.1,26.4,73,0.083
3/26/2018,47.5,36.8,28.1,0,0
3/27/2018,47.4,37.8,27.4,51,0.035
3/28/2018,46.9,42.7,37.5,51,0.114
3/29/2018,71.9,55.3,45.5,51,0.012
3/30/2018,64.9,57.9,44.6,55,0.173
3/31/2018,56.8,45.5,33.3,2,0
4/1/2018,61.4,50.5,43.2,3,0
4/2/2018,48.3,40,33.4,75,0.425
4/3/2018,53.2,42.8,33.3,53,0.13
4/4/2018,67.3,52,40.9,63,0.224
4/5/2018,45,38.5,31.9,3,0
4/6/2018,59.5,46.5,33.1,71,0.02
4/7/2018,53.8,43.8,39.3,51,0.004
4/8/2018,45,37.5,29.7,3,0
4/9/2018,45.9,37.3,29.9,51,0.008
4/10/2018,49.8,41.4,34.7,51,0.028
4/11/2018,49.8,40.3,28.2,3,0
4/12/2018,67,54.6,40.1,51,0.008
4/13/2018,79.3,67.3,57.1,3,0
4/14/2018,80.4,69,51.3,3,0
4/15/2018,50.6,44.7,38.8,61,0.11
4/16/2018,68.6,52.8,41.4,65,1.539
4/17/2018,45.8,42.1,37.8,51,0.004
4/18/2018,55.6,44.5,33.4,3,0
4/19/2018,52,45.7,39.4,55,0.213
4/20/2018,53.6,43.1,34.2,2,0
4/21/2018,58.3,46.2,33.4,3,0
4/22/2018,63.1,50.9,37.2,3,0
4/23/2018,68.1,52.9,39.7,3,0
4/24/2018,64,52.6,40.1,55,0.098
4/25/2018,64.6,58.2,52.1,63,0.87
4/26/2018,66.3,57.2,46.4,51,0.008
4/27/2018,59.2,54.7,50.7,63,0.315
4/28/2018,71,58.4,47.4,63,0.323
4/29/2018,56.1,50.8,45.2,53,0.071
4/30/2018,63.2,50.6,41.5,71,0.016
5/1/2018,75.8,59.3,40.5,3,0
5/2/2018,84.7,69.5,50.7,3,0
5/3/2018,86,73.8,60.3,3,0
5/4/2018,86.3,75.1,64.6,51,0.012
5/5/2018,71.4,66.7,60.4,51,0.012
5/6/2018,67.3,61.3,56.6,53,0.055
5/7/2018,72.8,62.6,53.3,3,0
5/8/2018,74.1,61.9,51.6,2,0
5/9/2018,76.3,63.2,49.2,3,0
5/10/2018,79.2,64.2,50.2,61,0.091
5/11/2018,75.7,67.1,58.6,3,0
5/12/2018,78,63.5,54.9,63,0.579
5/13/2018,57.7,55.8,54.1,55,0.205
5/14/2018,76.5,63.1,54,51,0.008
5/15/2018,85.7,73,63.4,63,0.327
5/16/2018,68.1,63.1,58.8,61,0.52
5/17/2018,66.3,61.4,58,65,1.256
5/18/2018,64.4,59.4,53.4,53,0.161
5/19/2018,67.9,57.8,52,63,0.874
5/20/2018,81.7,71.8,67.1,63,0.264
5/21/2018,76.6,67.2,57.8,3,0
5/22/2018,70,62.1,57.7,63,0.488
5/23/2018,79.1,69.2,58.3,63,0.114
5/24/2018,80.4,70.2,59.1,0,0
5/25/2018,82.8,72.2,60.3,3,0
5/26/2018,85.3,75.9,68.4,63,0.362
5/27/2018,72,67.3,59.6,65,1.094
5/28/2018,70.9,63.1,57,3,0
5/29/2018,85,73.2,64.3,3,0
5/30/2018,78.9,70.6,63.8,51,0.004
5/31/2018,80,70.6,62.8,61,0.201
6/1/2018,83.2,75.2,69.7,61,0.236
6/2/2018,81.6,75.1,70.1,63,0.453
6/3/2018,71.2,62.1,54.9,65,1.039
6/4/2018,72.7,62.6,54,55,0.13
6/5/2018,75.8,66.2,55,53,0.051
6/6/2018,71.2,63.8,59.1,51,0.031
6/7/2018,74.3,65.7,58.2,51,0.004
6/8/2018,80.4,69.6,58.5,51,0.004
6/9/2018,82.3,72.6,64.8,61,0.126
6/10/2018,68.8,65.7,58.3,63,0.89
6/11/2018,69.3,61.3,55.9,63,0.921
6/12/2018,75,63.5,51.9,3,0
6/13/2018,77.7,69.6,60.2,61,0.205
6/14/2018,80.8,73.8,66.3,3,0
6/15/2018,77,68.7,59.3,3,0
6/16/2018,81.9,70.8,57.6,3,0
6/17/2018,87,75.7,62.2,3,0
6/18/2018,89.4,79.2,67.7,51,0.016
6/19/2018,87.1,79.7,70.4,63,0.177
6/20/2018,86.4,74.9,64.6,51,0.008
6/21/2018,82,74.1,68.4,51,0.059
6/22/2018,71.8,69.5,64.8,51,0.008
6/23/2018,78.9,69.6,63.6,63,0.728
6/24/2018,85.6,75.3,66.5,61,0.181
6/25/2018,80.2,72.7,65.7,3,0
6/26/2018,78.8,69.5,59.1,3,0
6/27/2018,74.5,69.2,60.7,53,0.087
6/28/2018,85.3,76.4,70.2,63,0.386
6/29/2018,88.2,78.6,69.6,3,0
6/30/2018,92.1,80.7,67.9,3,0
7/1/2018,93.6,83,72.8,3,0
7/2/2018,94.1,83.2,71.4,2,0
7/3/2018,93,83.1,75.3,61,0.122
7/4/2018,90.5,81.8,75,51,0.02
7/5/2018,87,80.8,74.7,53,0.059
7/6/2018,80.1,77.5,72.7,63,0.358
7/7/2018,78.1,70,62.5,3,0
7/8/2018,82.1,70.6,57.7,0,0
7/9/2018,85.9,73.7,60,0,0
7/10/2018,92.8,79.8,64.9,1,0
7/11/2018,91.2,81.3,71.2,3,0
7/12/2018,82.9,74.8,67.6,53,0.087
7/13/2018,86.5,75.8,64.7,51,0.004
7/14/2018,88.5,78,66.7,2,0
7/15/2018,85.2,76.9,72.3,53,0.087
7/16/2018,92.1,81.1,71.7,61,0.118
7/17/2018,87.1,79.1,74.8,63,0.654
7/18/2018,87,77.3,67.2,3,0
7/19/2018,84.4,74.2,62.2,0,0
7/20/2018,85.2,74.5,64.7,3,0
7/21/2018,73.8,68.5,63.6,63,0.791
7/22/2018,84.7,75.3,68.6,63,0.441
7/23/2018,81.9,76.9,72.8,63,0.693
7/24/2018,84.6,77.4,73.1,55,0.327
7/25/2018,81.6,75.2,72,63,1.22
7/26/2018,86.7,77.2,70.5,53,0.067
7/27/2018,87,77.5,69.5,61,0.118
7/28/2018,84.7,76.5,69.9,53,0.118
7/29/2018,84,74.7,66.2,3,0
7/30/2018,78.4,71.4,64.7,53,0.063
7/31/2018,80.2,72.9,64.7,51,0.055
8/1/2018,86.3,78.4,72.4,61,0.378
8/2/2018,84.9,78.3,74.2,61,0.35
8/3/2018,83.3,77.5,74.3,61,0.358
8/4/2018,86.1,77.5,72,63,0.559
8/5/2018,88.1,79.6,69.8,2,0
8/6/2018,88.8,80.7,71.3,51,0.012
8/7/2018,88.4,79.8,75.1,63,0.39
8/8/2018,88.8,80.3,73.2,51,0.02
8/9/2018,86.4,79.4,73.8,63,0.217
8/10/2018,86.5,78.7,69.6,3,0
8/11/2018,80.2,76.1,72.1,63,0.476
8/12/2018,82.7,75.9,71,53,0.094
8/13/2018,80.4,74.4,69.4,61,0.602
8/14/2018,80.7,73,67.7,61,0.15
8/15/2018,87.5,77.7,69.1,51,0.008
8/16/2018,88.2,79.7,70.6,3,0
8/17/2018,89,81.5,74,51,0.028
8/18/2018,85.8,78.2,73.3,63,0.583
8/19/2018,73.3,70.3,67.9,61,0.378
8/20/2018,76.1,71.7,66.7,51,0.016
8/21/2018,78,72.4,66.7,63,0.547
8/22/2018,82.8,76,70.9,61,0.331
8/23/2018,77.1,70.7,64.3,1,0
8/24/2018,81.6,71.6,59.5,2,0
8/25/2018,79.3,71.5,63.8,3,0
8/26/2018,85.1,74,62.7,3,0
8/27/2018,90.2,79.7,69.3,3,0
8/28/2018,92.7,82.8,73.4,51,0.008
8/29/2018,91.7,84,76.3,1,0
8/30/2018,88.4,82.4,76.5,51,0.012
8/31/2018,78.3,74.4,69.8,63,0.461
9/1/2018,78.8,72.6,69,53,0.177
9/2/2018,84.4,74.5,67.1,61,0.106
9/3/2018,86.2,78.6,71.4,51,0.02
9/4/2018,91.1,81.4,72.5,51,0.012
9/5/2018,90.1,81.1,73.5,1,0
9/6/2018,90.6,82.2,76.1,53,0.047
9/7/2018,81.9,75.7,71.5,63,0.496
9/8/2018,71.4,66.9,60,63,0.846
9/9/2018,62.5,59.2,56.1,63,1.5
9/10/2018,69.7,64,60.2,63,0.689
9/11/2018,77.6,69.4,63,55,0.138
9/12/2018,80.5,74.2,70.7,61,0.213
9/13/2018,78.8,73.5,71.2,51,0.008
9/14/2018,75.8,72.3,69.9,51,0.012
9/15/2018,78.9,72.4,66,51,0.008
9/16/2018,82.3,72.5,64.5,3,0
9/17/2018,80.3,72.6,66,63,0.524
9/18/2018,76.4,73.9,70,65,1.626
9/19/2018,82.7,73.6,66.8,3,0
9/20/2018,74.6,70,66.6,53,0.071
9/21/2018,79.1,71.5,66.2,3,0
9/22/2018,73.8,70,61.7,51,0.012
9/23/2018,63.8,61,59.3,61,0.531
9/24/2018,67.1,63.4,61.1,55,0.201
9/25/2018,77.4,69,60.8,63,0.937
9/26/2018,83.5,75.2,69.5,63,0.362
9/27/2018,71.9,65.4,61.7,63,0.201
9/28/2018,70.1,65.1,57.6,63,0.677
9/29/2018,75.4,64.6,55.6,2,0
9/30/2018,72.4,62.8,53.7,3,0
10/1/2018,77.9,68.3,58.9,3,0
10/2/2018,80.7,71.9,64,63,0.287
10/3/2018,77,69.9,61.6,53,0.051
10/4/2018,82.8,71.4,60.5,53,0.043
10/5/2018,72.2,64.3,60.2,61,0.165
10/6/2018,72.8,67.6,63.3,3,0
10/7/2018,81,73.5,68.8,3,0
10/8/2018,75.9,71.2,66.7,53,0.091
10/9/2018,79.8,73.3,69,51,0.039
10/10/2018,81,74.1,69.9,51,0.016
10/11/2018,80.2,74,71.1,65,1.425
10/12/2018,70.9,60.8,51.6,63,0.335
10/13/2018,57.1,52.2,48.2,55,0.13
10/14/2018,56.9,51,45,3,0
10/15/2018,68.2,61.4,50.4,61,0.362
10/16/2018,64.8,54.2,49.5,53,0.063
10/17/2018,63,53.9,47,3,0
10/18/2018,51.1,46,41.5,2,0
10/19/2018,59.2,49.7,39.7,3,0
10/20/2018,64.5,56.6,49.4,63,0.307
10/21/2018,50.5,46.2,40.5,51,0.012
10/22/2018,53.2,44.5,37.3,3,0
10/23/2018,65.7,54,44.3,3,0
10/24/2018,54.1,48,42.7,3,0
10/25/2018,52.1,44,37.4,3,0
10/26/2018,50.5,43.7,35.1,61,0.11
10/27/2018,53.5,49.6,46.7,63,0.917
10/28/2018,55.5,49.1,43.2,53,0.043
10/29/2018,57.6,51.1,46.1,51,0.031
10/30/2018,57.6,47.7,41.3,0,0
10/31/2018,66.5,53.8,40.8,3,0
11/1/2018,71.1,62.1,53.2,3,0
11/2/2018,70.9,67.8,65.4,61,0.283
11/3/2018,66.1,54.2,47.9,65,0.543
11/4/2018,54.3,46.4,38.8,3,0
11/5/2018,56.1,51.5,44.1,63,0.543
11/6/2018,64.8,56.2,51,63,0.669
11/7/2018,64,55.7,47,3,0
11/8/2018,56.2,50.1,44,3,0
11/9/2018,52.9,46,39.6,63,0.72
11/10/2018,49.3,41.8,34,51,0.02
11/11/2018,46.3,36.7,29.5,0,0
11/12/2018,48.1,40.2,33.2,55,0.079
11/13/2018,50.1,46.1,42.7,61,0.626
11/14/2018,42.9,39.1,34.6,3,0
11/15/2018,41.5,33.8,31.6,75,0.732
11/16/2018,45.7,40.3,34.7,75,0.524
11/17/2018,48.7,39.8,33.7,3,0
11/18/2018,48.7,39.5,31.4,3,0
11/19/2018,53.7,43.4,34.6,3,0
11/20/2018,49.4,43.9,38.4,53,0.035
11/21/2018,47.5,38.9,31.1,51,0.004
11/22/2018,35.1,25.2,20.6,3,0
11/23/2018,32.1,23.7,17.1,3,0
11/24/2018,51.3,39,26,65,1.398
11/25/2018,56.4,45.8,38.4,65,0.567
11/26/2018,53.3,46.8,40,65,1.028
11/27/2018,42.9,39.2,34,3,0
11/28/2018,39.9,35.7,33.2,3,0
11/29/2018,43.5,36.5,32.1,3,0
11/30/2018,43.2,37.4,30.3,51,0.004
12/1/2018,46.8,38.9,30.9,55,0.142
12/2/2018,58.6,53.8,43.5,61,0.362
12/3/2018,55.9,52.1,44.7,3,0
12/4/2018,44.1,38,30.2,3,0
12/5/2018,35.8,29.7,24.2,71,0.02
12/6/2018,39.8,33.5,26.4,3,0
12/7/2018,39,33.7,24.2,2,0
12/8/2018,36.6,28.1,21.8,3,0
12/9/2018,34.7,29.2,24.8,3,0
12/10/2018,39.7,30.4,24.9,3,0
12/11/2018,40.5,29.6,22.3,2,0
12/12/2018,43.1,34.1,28,3,0
12/13/2018,47.9,38.2,30.2,3,0
12/14/2018,53.2,44,34.8,53,0.091
12/15/2018,51.3,48,45.5,61,0.646
12/16/2018,46.4,41.3,38.2,63,0.87
12/17/2018,48.4,41.7,36.4,3,0
12/18/2018,40.3,35.4,26.3,3,0
12/19/2018,42.2,31,22.7,3,0
12/20/2018,57.2,38.8,29,63,0.594
12/21/2018,63,58.6,54.2,63,1.091
12/22/2018,52.6,43.9,38,61,0.098
12/23/2018,44.9,39.1,33.4,3,0
12/24/2018,45.1,39.2,34.2,51,0.024
12/25/2018,41.4,34.6,29.3,3,0
12/26/2018,44.9,34.4,27,3,0
12/27/2018,45,36.1,27.6,3,0
12/28/2018,59.2,52,41.3,63,1.65
12/29/2018,53.6,48,36.8,3,0
12/30/2018,45.2,37.2,30.9,3,0
12/31/2018,46.3,39.3,30.5,63,0.803
1/1/2019,61,52.8,42.5,61,0.169
1/2/2019,44.4,40.3,35.2,3,0
1/3/2019,45.8,41.3,31.7,3,0
1/4/2019,47.3,37.7,28.9,51,0.008
1/5/2019,45.9,43.7,40.4,61,0.575
1/6/2019,49.2,42.3,36.3,3,0
1/7/2019,35.8,31.3,24.4,71,0.008
1/8/2019,48.8,40.6,31.6,55,0.098
1/9/2019,47.8,41.6,32.7,61,0.106
1/10/2019,35.4,31.9,29.1,3,0
1/11/2019,32.9,27.2,23.1,3,0
1/12/2019,34.9,27.3,21.6,73,0.039
1/13/2019,32.1,28.4,26.3,73,0.142
1/14/2019,35.2,26.5,21.3,3,0
1/15/2019,39.7,28.4,22.8,3,0
1/16/2019,38.9,31.5,23.5,3,0
1/17/2019,33.8,29.3,24,71,0.012
1/18/2019,41.8,33.1,28,73,0.067
1/19/2019,38.2,33.4,25.4,73,0.189
1/20/2019,52,36.5,16,63,1.122
1/21/2019,16.5,12,5.8,1,0
1/22/2019,32.5,20.9,12.6,3,0
1/23/2019,50.1,37.3,26.1,51,0.004
1/24/2019,58.6,49.5,32.9,63,1.429
1/25/2019,37.9,31.7,24.8,3,0
1/26/2019,35.8,27.2,19.6,3,0
1/27/2019,48.3,34.9,23.6,3,0
1/28/2019,36.4,29.1,23.4,3,0
1/29/2019,44.5,31.8,22.3,73,0.244
1/30/2019,34.1,21,7.7,71,0.008
1/31/2019,19.6,11.7,4.8,1,0
2/1/2019,21.3,16.6,13.2,71,0.063
2/2/2019,35.8,22.5,13.6,3,0
2/3/2019,52.3,34.3,22.7,3,0
2/4/2019,57.7,39.8,27.3,2,0
2/5/2019,65.7,45.4,30.5,3,0
2/6/2019,50.8,40.4,30.7,61,0.193
2/7/2019,49.6,43.2,37.6,61,0.201
2/8/2019,51.3,42.9,32.5,53,0.091
2/9/2019,33.2,27.4,23.2,3,0
2/10/2019,37.9,28.1,19.5,71,0.004
2/11/2019,35.4,31.6,28.4,73,0.268
2/12/2019,40,34.3,30.5,73,1.012
2/13/2019,41.5,37.2,31.7,55,0.118
2/14/2019,48.7,37.1,28,3,0
2/15/2019,59.8,49.7,39.2,51,0.004
2/16/2019,49.5,38.8,31.3,3,0
2/17/2019,39.8,31.6,22.6,61,0.11
2/18/2019,45.6,38,31.2,53,0.185
2/19/2019,38,30.4,24.1,3,0
2/20/2019,32.9,29.9,27.4,75,0.465
2/21/2019,52.9,40.6,32.9,55,0.051
2/22/2019,45.9,40.2,34.6,3,0
2/23/2019,43.2,36.5,30.1,51,0.043
2/24/2019,55,45.3,37.4,63,0.567
2/25/2019,43.9,36.9,31.7,3,0
2/26/2019,42.2,32.7,24.7,3,0
2/27/2019,39.5,31,23.8,3,0
2/28/2019,39,33.5,28,3,0
3/1/2019,37.1,31.5,27.4,75,0.244
3/2/2019,40.4,34.3,29.8,75,0.476
3/3/2019,43.1,34.6,25.8,75,0.508
3/4/2019,36,32.5,23.2,75,0.35
3/5/2019,32.3,20,2.6,2,0
3/6/2019,24.9,20.5,13.6,3,0
3/7/2019,35.2,25.4,16.2,71,0.012
3/8/2019,41.9,31.1,22.5,51,0.004
3/9/2019,48.4,36.8,25.9,3,0
3/10/2019,59.5,45.5,34.2,63,0.709
3/11/2019,55.8,47.3,40.3,3,0
3/12/2019,44.8,38.5,31.1,1,0
3/13/2019,50.8,38.5,25.7,3,0
3/14/2019,65.2,49.8,35.8,3,0
3/15/2019,71.6,62.6,55.9,63,0.492
3/16/2019,56,45.5,38.2,3,0
3/17/2019,44.4,36.7,28.5,2,0
3/18/2019,45.8,36.2,28.8,3,0
3/19/2019,49.1,37.8,25.8,3,0
3/20/2019,52.4,41.1,30,3,0
3/21/2019,50.8,45.3,39.5,63,1.106
3/22/2019,51.1,44.7,39,61,0.327
3/23/2019,49.9,40.8,33.4,3,0
3/24/2019,59.3,45.6,28.3,3,0
3/25/2019,53.3,46.9,39.3,61,0.244
3/26/2019,47.9,39,28.5,3,0
3/27/2019,49.3,37.6,25.6,3,0
3/28/2019,56.1,41.8,27.7,3,0
3/29/2019,59.9,50.8,41.5,51,0.004
3/30/2019,72.8,58.4,44.6,3,0
3/31/2019,61.5,53.5,38.9,61,0.173
4/1/2019,45.9,37.8,30.5,2,0
4/2/2019,52.9,41.1,30.1,51,0.039
4/3/2019,63.9,49.8,34.5,51,0.008
4/4/2019,61.2,50.1,37.7,3,0
4/5/2019,47.4,43.1,39.1,53,0.118
4/6/2019,66.5,51.9,41.8,51,0.012
4/7/2019,70.7,56,42.3,51,0.004
4/8/2019,77.4,64.3,54.2,61,0.22
4/9/2019,72.1,62.8,54.2,53,0.055
4/10/2019,61.3,53.9,46,3,0
4/11/2019,57.2,47.6,39.1,3,0
4/12/2019,73.3,58.6,45,63,0.315
4/13/2019,74.8,65.5,60.3,63,0.244
4/14/2019,74.4,64.9,55,53,0.114
4/15/2019,68.7,57.4,46.1,65,0.988
4/16/2019,64.4,52.4,41.8,3,0
4/17/2019,61.2,54,48.1,61,0.083
4/18/2019,77.4,62.8,49.4,3,0
4/19/2019,75.7,67.6,62.7,63,0.374
4/20/2019,70.1,65.4,57.5,63,0.469
4/21/2019,66.5,60.3,53.2,51,0.016
4/22/2019,66.8,59.1,52.2,55,0.114
4/23/2019,76.3,64,50.6,3,0
4/24/2019,69.3,62.4,53.3,51,0.004
4/25/2019,66.1,57.5,50.1,3,0
4/26/2019,69.6,59.5,52.7,63,0.646
4/27/2019,63.5,56.1,49.4,51,0.004
4/28/2019,64.1,53.2,46,53,0.031
4/29/2019,61.7,50.2,37,51,0.012
4/30/2019,70.9,59.8,49.9,53,0.039
5/1/2019,62.9,56.2,52.3,51,0.004
5/2/2019,81.8,64.1,52.6,61,0.142
5/3/2019,69.3,59.3,51.8,51,0.016
5/4/2019,71.5,62.4,55,53,0.157
5/5/2019,61.3,56.6,52.5,63,1.543
5/6/2019,70.2,60.5,50.5,51,0.016
5/7/2019,74.8,62.1,49.9,61,0.071
5/8/2019,68.1,61.8,56.3,53,0.059
5/9/2019,65.6,59.2,54.3,51,0.028
5/10/2019,75.9,67.2,58.2,51,0.008
5/11/2019,69.3,63.4,55,61,0.098
5/12/2019,54.5,50.7,46.7,63,1.02
5/13/2019,52.7,48.3,46.4,63,0.567
5/14/2019,56.8,50.7,45.3,51,0.035
5/15/2019,68.9,55.8,42.3,2,0
5/16/2019,69.7,60.6,48.7,51,0.008
5/17/2019,80.3,67.4,56.5,51,0.012
5/18/2019,77.7,66.7,57,3,0
5/19/2019,84.2,70.4,58.5,3,0
5/20/2019,83.1,76,71.2,55,0.051
5/21/2019,70.7,63.6,55.6,3,0
5/22/2019,71.9,62.5,50,3,0
5/23/2019,76.9,67.5,60.1,53,0.169
5/24/2019,80.2,71.7,65.1,3,0
5/25/2019,72.8,64.5,55.8,3,0
5/26/2019,87.2,74.5,63,51,0.024
5/27/2019,80.2,72,64,3,0
5/28/2019,81.1,70,59.7,65,1.291
5/29/2019,85.3,74.7,65.6,63,0.315
5/30/2019,78.3,71.5,64.1,63,0.244
5/31/2019,80.7,72.6,64.7,51,0.004
6/1/2019,82.3,71.9,60.6,3,0
6/2/2019,79.9,70.6,63.6,61,0.197
6/3/2019,69.3,63.4,55.8,2,0
6/4/2019,71.3,61.7,50.6,3,0
6/5/2019,84.8,71.5,61.7,63,0.531
6/6/2019,81.7,74.2,67.9,61,0.236
6/7/2019,81.5,72.2,64,3,0
6/8/2019,80.1,70.6,62.4,3,0
6/9/2019,77.3,67.8,59.7,3,0
6/10/2019,73.9,68.3,60.8,61,0.665
6/11/2019,76.4,69.7,62.2,61,0.228
6/12/2019,74.5,66.2,57.6,3,0
6/13/2019,75,66,59.6,65,1.398
6/14/2019,72.9,64.4,56.8,3,0
6/15/2019,80,68.8,54.8,3,0
6/16/2019,83.6,73.4,67.9,63,0.398
6/17/2019,81.2,74.1,68.8,65,1.039
6/18/2019,80.2,73.5,69.3,63,0.453
6/19/2019,78.5,73.1,70.2,63,0.701
6/20/2019,82.8,76,70.4,63,0.441
6/21/2019,77.6,72.1,67.5,61,0.264
6/22/2019,77.5,70,61.5,3,0
6/23/2019,82,71.3,59.5,3,0
6/24/2019,83.1,73.4,59.8,3,0
6/25/2019,86.2,77.5,71.3,61,0.146
6/26/2019,88.2,78.1,65.8,3,0
6/27/2019,90,79.9,69.6,3,0
6/28/2019,90.4,79.2,68.1,3,0
6/29/2019,90.1,79.2,71.4,63,0.169
6/30/2019,87,78.3,71.3,3,0
7/1/2019,85.2,74.1,62.6,3,0
7/2/2019,92.2,79.1,67,61,0.098
7/3/2019,86.6,79.2,71.5,51,0.047
7/4/2019,87,79.4,72.5,63,0.217
7/5/2019,85.7,78.4,73.1,63,0.15
7/6/2019,84.5,79.1,74.4,63,0.358
7/7/2019,84.5,78,73.5,63,0.406
7/8/2019,75.2,72.1,70,63,0.433
7/9/2019,87.3,76.8,65.4,3,0
7/10/2019,88.5,78.9,69.6,3,0
7/11/2019,86.3,77.1,69.7,63,0.563
7/12/2019,87.2,78,71,53,0.024
7/13/2019,87.4,77.3,67.1,3,0
7/14/2019,89.4,80.1,70.2,51,0.016
7/15/2019,86.9,76.6,66.5,3,0
7/16/2019,91.8,79.6,65.9,53,0.028
7/17/2019,94.6,83.4,75.5,63,0.354
7/18/2019,86.8,79.6,75.9,63,0.24
7/19/2019,93.4,82.9,74,3,0
7/20/2019,94.2,86.1,78,53,0.035
7/21/2019,96.8,87.2,77.6,3,0
7/22/2019,90.1,81.9,76,63,0.417
7/23/2019,76.6,72.2,68.3,61,0.441
7/24/2019,83.4,74.6,64.6,51,0.016
7/25/2019,84.9,74.6,64.4,1,0
7/26/2019,86,75.9,63.9,1,0
7/27/2019,86.1,77.2,67.7,1,0
7/28/2019,91.5,80.4,71.6,3,0
7/29/2019,90.4,80.6,70.3,3,0
7/30/2019,91.8,83,74.3,1,0
7/31/2019,85.8,78.3,72.5,63,0.531
8/1/2019,82.1,77.1,71.5,63,0.28
8/2/2019,84.5,76.4,68.1,55,0.059
8/3/2019,85.9,77,70.2,53,0.083
8/4/2019,87.5,79.2,70.6,51,0.02
8/5/2019,86.2,77.7,70.7,51,0.008
8/6/2019,83.5,76.9,70.6,63,0.165
8/7/2019,84.7,76.1,69.1,63,0.547
8/8/2019,86.2,76.5,67.5,53,0.024
8/9/2019,86.4,77.2,67.9,3,0
8/10/2019,83.8,74.6,65.1,3,0
8/11/2019,82.1,72.4,62.1,3,0
8/12/2019,89.2,75,60.6,3,0
8/13/2019,78.7,75.9,73.8,61,0.264
8/14/2019,80.2,74.8,71.2,55,0.24
8/15/2019,83.6,75.9,70.5,51,0.035
8/16/2019,83.8,75.7,68.7,51,0.016
8/17/2019,88.9,79.5,71.8,3,0
8/18/2019,88.7,79.8,72.9,63,0.248
8/19/2019,90.1,81,73.8,55,0.047
8/20/2019,90.8,80.9,71.2,3,0
8/21/2019,89.3,80.8,75.1,51,0.047
8/22/2019,91.8,82.1,72.8,61,0.091
8/23/2019,75.4,69.7,66,63,0.567
8/24/2019,76.8,68.5,60.1,3,0
8/25/2019,76.4,68.3,61.6,51,0.004
8/26/2019,77.3,66.7,59.6,3,0
8/27/2019,77.4,68.3,61.2,3,0
8/28/2019,78.4,71.2,65.3,61,0.094
8/29/2019,82.9,73.1,65.6,2,0
8/30/2019,87.5,74.8,62.1,3,0
8/31/2019,85.5,75.7,66.5,3,0
9/1/2019,84.3,73,64.9,3,0
9/2/2019,81,73,67,61,0.331
9/3/2019,83.7,74.2,65.4,51,0.012
9/4/2019,89.4,77.5,67.3,51,0.012
9/5/2019,78.6,72,64.8,3,0
9/6/2019,70,66.4,61.2,53,0.079
9/7/2019,79.4,67.1,56.7,3,0
9/8/2019,82,70.4,59.3,3,0
9/9/2019,80.5,71.3,63.6,51,0.004
9/10/2019,83.6,72.5,62.7,3,0
9/11/2019,90.1,77.6,67.1,3,0
9/12/2019,86.7,76.9,67,61,0.169
9/13/2019,70.4,66,62.2,51,0.012
9/14/2019,79.5,70.4,62.8,3,0
9/15/2019,84.3,73.8,66.7,53,0.098
9/16/2019,83.9,73.4,62.1,3,0
9/17/2019,78.3,70.1,63.4,51,0.008
9/18/2019,71.9,63.7,56.8,51,0.004
9/19/2019,70.2,60.8,52.5,0,0
9/20/2019,78.9,64,50.5,3,0
9/21/2019,84.2,69.3,55.4,2,0
9/22/2019,87.1,74.2,62,3,0
9/23/2019,90,79.3,71.2,3,0
9/24/2019,79.6,71.6,63.3,63,0.24
9/25/2019,80.9,68.3,55.5,3,0
9/26/2019,85.1,70.4,61.4,3,0
9/27/2019,78.3,67.3,55,3,0
9/28/2019,84.8,72.9,62,63,0.173
9/29/2019,84.7,74.6,67.6,51,0.008
9/30/2019,74.2,67.9,63.4,51,0.012
10/1/2019,84.2,72.4,63,3,0
10/2/2019,93.9,81.1,70.2,3,0
10/3/2019,75.7,65.3,60.9,53,0.102
10/4/2019,70.2,62.9,51.5,61,0.181
10/5/2019,63,53.5,45.6,3,0
10/6/2019,74.4,65.8,54.2,3,0
10/7/2019,79.5,71.9,63.6,53,0.047
10/8/2019,66.5,61.1,57.5,55,0.075
10/9/2019,59.2,56.8,53.4,53,0.087
10/10/2019,73.1,60.7,51.7,53,0.059
10/11/2019,68.3,60.6,52.9,3,0
10/12/2019,72.7,60.4,50.5,3,0
10/13/2019,68.1,58.9,49.2,53,0.039
10/14/2019,74,62.4,53.1,3,0
10/15/2019,66.5,57.2,47.8,2,0
10/16/2019,67.7,58.2,51.2,65,1.39
10/17/2019,60,53.6,49.7,3,0
10/18/2019,60.6,52.3,44.6,3,0
10/19/2019,62.1,50,39.5,3,0
10/20/2019,56,51.5,45.3,63,0.791
10/21/2019,67.2,56.3,48.6,53,0.047
10/22/2019,64.5,59.9,52,63,0.398
10/23/2019,64.5,58.2,50.2,53,0.024
10/24/2019,66.7,53.8,44.2,0,0
10/25/2019,66.7,56,47.3,3,0
10/26/2019,64.3,56.5,50.1,51,0.067
10/27/2019,71.2,63.4,54.2,63,0.843
10/28/2019,67.4,58.8,50.4,3,0
10/29/2019,63.5,57.8,51.2,51,0.043
10/30/2019,64.8,60.6,56.2,53,0.098
10/31/2019,73.3,67.8,60.7,63,0.772
11/1/2019,69.2,49,41.6,63,0.445
11/2/2019,52.7,43.6,35.8,0,0
11/3/2019,51.8,43.8,37.9,1,0
11/4/2019,57.8,45.9,36.4,1,0
11/5/2019,61.1,51.5,43.5,3,0
11/6/2019,54.9,47.5,39.9,3,0
11/7/2019,58.3,49.7,42,61,0.146
11/8/2019,42.7,37,29.8,3,0
11/9/2019,41.5,31.8,23.3,3,0
11/10/2019,53.2,41.4,30.3,3,0
11/11/2019,62.6,49.8,39.2,3,0
11/12/2019,55.9,42.7,27.6,73,0.24
11/13/2019,35.4,27.9,22.8,3,0
11/14/2019,43.1,32,23.4,3,0
11/15/2019,52.2,38.9,28.8,3,0
11/16/2019,40.6,36.6,32,2,0
11/17/2019,41.4,35.4,29.7,3,0
11/18/2019,41.5,39.3,37.4,51,0.047
11/19/2019,54.3,43.6,34.2,3,0
11/20/2019,52,43.5,38.4,3,0
11/21/2019,53.4,45.6,37.8,3,0
11/22/2019,52.9,46.7,38.6,55,0.138
11/23/2019,45.5,38.3,30.6,55,0.114
11/24/2019,44.7,41.3,38.5,63,0.823
11/25/2019,53,42,32,3,0
11/26/2019,58.9,44.7,34.5,3,0
11/27/2019,57.5,49.2,37.9,51,0.028
11/28/2019,52.5,45.1,37.4,3,0
11/29/2019,43.5,36,30.2,3,0
11/30/2019,43.5,34.9,27.9,3,0
12/1/2019,44.7,36.9,31.3,63,0.886
12/2/2019,37.9,36.4,35,73,0.165
12/3/2019,42,36,32.2,71,0.024
12/4/2019,45,37.8,32.8,53,0.055
12/5/2019,42.7,38.1,33.1,71,0.008
12/6/2019,50.8,39.9,27.6,53,0.024
12/7/2019,42.8,34.8,28.9,3,0
12/8/2019,43.8,32.6,24.4,3,0
12/9/2019,51.4,46.7,40.9,61,0.661
12/10/2019,55.5,52.7,42.5,55,0.39
12/11/2019,41.6,36.4,31.5,73,0.24
12/12/2019,36.6,30,25.2,3,0
12/13/2019,48.4,40.3,25.9,61,0.52
12/14/2019,54.4,49.6,42.9,63,0.449
12/15/2019,48.4,42.1,34.6,51,0.008
12/16/2019,36.3,35.3,34.2,71,0.22
12/17/2019,39.6,37.1,34.6,63,1.055
12/18/2019,39.1,33.4,25.2,71,0.008
12/19/2019,29.8,23.2,18.5,3,0
12/20/2019,37,26.9,21.9,3,0
12/21/2019,37,27.8,22.5,3,0
12/22/2019,48.6,32,23.2,3,0
12/23/2019,52.3,36.7,27.1,3,0
12/24/2019,49.7,39.6,33.9,3,0
12/25/2019,46.5,34.4,24.8,3,0
12/26/2019,48,37,27.1,3,0
12/27/2019,50.1,45,39.6,51,0.008
12/28/2019,52.4,43.8,37.8,3,0
12/29/2019,44.9,39.5,31.5,63,0.354
12/30/2019,47.7,44.3,39,61,0.646
12/31/2019,46.8,40.7,37.4,3,0
